-- phpMyAdmin SQL Dump
-- version 5.2.1
-- https://www.phpmyadmin.net/
--
-- Servidor: 127.0.0.1:3308
-- Tiempo de generación: 11-07-2025 a las 03:03:09
-- Versión del servidor: 10.4.32-MariaDB
-- Versión de PHP: 8.0.30

SET SQL_MODE = "NO_AUTO_VALUE_ON_ZERO";
START TRANSACTION;
SET time_zone = "+00:00";


/*!40101 SET @OLD_CHARACTER_SET_CLIENT=@@CHARACTER_SET_CLIENT */;
/*!40101 SET @OLD_CHARACTER_SET_RESULTS=@@CHARACTER_SET_RESULTS */;
/*!40101 SET @OLD_COLLATION_CONNECTION=@@COLLATION_CONNECTION */;
/*!40101 SET NAMES utf8mb4 */;

--
-- Base de datos: `anaconda_tienda`
--

-- --------------------------------------------------------

--
-- Estructura de tabla para la tabla `tb_almacen`
--

CREATE TABLE `tb_almacen` (
  `id_producto` int(11) NOT NULL,
  `codigo` varchar(255) NOT NULL,
  `nombre` varchar(255) NOT NULL,
  `descripcion` varchar(255) CHARACTER SET utf8 COLLATE utf8_spanish_ci DEFAULT NULL,
  `stock` decimal(11,3) NOT NULL,
  `stock_minimo` decimal(11,3) DEFAULT NULL,
  `stock_maximo` decimal(11,3) DEFAULT NULL,
  `precio_compra` varchar(255) NOT NULL,
  `precio_venta` varchar(255) NOT NULL,
  `fecha_ingreso` date NOT NULL,
  `imagen` text CHARACTER SET utf8 COLLATE utf8_spanish_ci DEFAULT NULL,
  `id_usuario` int(11) NOT NULL,
  `id_categoria` int(11) NOT NULL,
  `fyh_creacion` datetime NOT NULL,
  `fyh_actualizacion` datetime NOT NULL,
  `id_tienda` int(11) DEFAULT NULL
) ENGINE=InnoDB DEFAULT CHARSET=utf8mb4 COLLATE=utf8mb4_unicode_520_ci;

--
-- Volcado de datos para la tabla `tb_almacen`
--

INSERT INTO `tb_almacen` (`id_producto`, `codigo`, `nombre`, `descripcion`, `stock`, `stock_minimo`, `stock_maximo`, `precio_compra`, `precio_venta`, `fecha_ingreso`, `imagen`, `id_usuario`, `id_categoria`, `fyh_creacion`, `fyh_actualizacion`, `id_tienda`) VALUES
(1, 'P-00001', 'takis duoz 85g', '7500810020234', 20.000, 1.000, 100.000, '15.18', '20.22', '2025-02-07', '2025-02-05-03-07-49__', 7, 22, '2025-02-05 03:07:49', '2025-02-16 15:28:57', NULL),
(2, 'P-00002', 'Crest complete', '7501006733907', 13.000, 6.000, 20.000, '20', '25', '2025-02-05', '2025-02-05-10-24-29__', 10, 11, '2025-02-05 10:24:29', '2025-02-05 12:07:56', NULL),
(3, 'P-00003', 'Chupadedo', '7503030374774', 107.000, 10.000, 200.000, '0', '3', '2025-02-05', '2025-02-05-12-41-49__', 10, 13, '2025-02-05 12:41:49', '2025-02-06 13:04:31', NULL),
(4, 'P-00004', 'pachicleta', '744218000000', 14.000, 5.000, 100.000, '5', '7', '2025-02-05', '2025-02-05-12-48-35__', 10, 13, '2025-02-05 12:48:35', '2025-02-05 12:53:52', NULL),
(5, 'P-00005', 'zumba goma mora azul', '703885005244', 28.000, 5.000, 100.000, '2', '5', '2025-02-05', '2025-02-05-12-53-01__', 10, 13, '2025-02-05 12:53:01', '2025-02-06 12:28:09', NULL),
(6, 'P-00006', 'bubba xtreme fuego', '7501056903190', 8.000, 5.000, 100.000, '5', '7', '2025-02-05', '2025-02-05-12-55-46__', 10, 13, '2025-02-05 12:55:46', '0000-00-00 00:00:00', NULL),
(7, 'P-00007', 'bubba xtreme fresa', '75010569000151', 2.000, 5.000, 100.000, '5', '7', '2025-02-05', '2025-02-05-12-57-39__', 10, 13, '2025-02-05 12:57:39', '2025-02-06 14:09:34', NULL),
(8, 'P-00008', 'pulparindo original', '725226066660', 2.000, 5.000, 100.000, '0', '4', '2025-02-05', '2025-02-05-12-59-29__', 10, 13, '2025-02-05 12:59:29', '0000-00-00 00:00:00', NULL),
(9, 'P-00009', 'pulparindo extra picante', '725226022000', 10.000, 5.000, 100.000, '0', '4', '2025-02-05', '2025-02-05-01-01-25__', 10, 13, '2025-02-05 13:01:25', '0000-00-00 00:00:00', NULL),
(10, 'P-00010', 'pulparindo sandia', '725226003238', 18.000, 5.000, 100.000, '0', '4', '2025-02-05', '2025-02-05-01-03-02__', 10, 13, '2025-02-05 13:03:02', '0000-00-00 00:00:00', NULL),
(11, 'P-00011', 'rellerindos', '75752802738', 40.000, 5.000, 100.000, '1', '2', '2025-02-05', '2025-02-05-01-06-46__', 10, 13, '2025-02-05 13:06:46', '0000-00-00 00:00:00', NULL),
(12, 'P-00012', 'zumba goma piña', '703885005275', 19.000, 5.000, 100.000, '2', '5', '2025-02-05', '2025-02-05-01-09-09__', 10, 13, '2025-02-05 13:09:09', '2025-02-06 12:28:35', NULL),
(13, 'P-00013', 'larin avellana', '75010592994429', 11.000, 5.000, 100.000, '12', '20', '2025-02-05', '2025-02-05-01-15-17__', 10, 13, '2025-02-05 13:15:17', '2025-02-05 13:18:57', NULL),
(14, 'P-00014', 'larin nuez', '7501059299443', 12.000, 5.000, 100.000, '12', '20', '2025-02-05', '2025-02-05-01-16-11__', 10, 13, '2025-02-05 13:16:11', '2025-02-05 13:19:10', NULL),
(15, 'P-00015', 'larin almendra', '7501059299436', 16.000, 5.000, 100.000, '12', '20', '2025-02-05', '2025-02-05-01-17-07__', 10, 13, '2025-02-05 13:17:07', '2025-02-05 13:19:21', NULL),
(16, 'P-00016', 'larin cero', '7501058656247', 15.000, 5.000, 100.000, '12', '20', '2025-02-05', '2025-02-05-01-20-26__', 10, 13, '2025-02-05 13:20:26', '0000-00-00 00:00:00', NULL),
(17, 'P-00017', 'kinder delice ', '8000500267035', 23.000, 5.000, 100.000, '12', '20', '2025-02-05', '2025-02-05-01-24-15__', 10, 15, '2025-02-05 13:24:15', '2025-02-05 13:25:13', NULL),
(18, 'P-00018', 'mini kinder bueno', 'mini bueno', 45.000, 5.000, 100.000, '0', '6', '2025-02-05', '2025-02-05-01-26-46__', 10, 14, '2025-02-05 13:26:46', '0000-00-00 00:00:00', NULL),
(19, 'P-00019', 'mazapan con chocolate', '72486900781', 32.000, 5.000, 100.000, '0', '7', '2025-02-05', '2025-02-05-01-28-33__', 10, 13, '2025-02-05 13:28:33', '0000-00-00 00:00:00', NULL),
(20, 'P-00020', 'carlos v', '7501058638083', 11.000, 5.000, 100.000, '9', '15', '2025-02-05', '2025-02-05-01-30-23__', 10, 13, '2025-02-05 13:30:23', '0000-00-00 00:00:00', NULL),
(21, 'P-00021', 'kinder creamy', '80824107', 1.000, 0.000, 20.000, '11', '14', '2025-02-05', '2025-02-05-01-34-19__', 10, 14, '2025-02-05 13:34:19', '0000-00-00 00:00:00', NULL),
(22, 'P-00022', 'kinder bueno', '80052760', 5.000, 1.000, 20.000, '20', '22', '2025-02-05', '2025-02-05-01-35-26__', 10, 14, '2025-02-05 13:35:26', '0000-00-00 00:00:00', NULL),
(23, 'P-00023', 'nutella b ready', '7898024397915', 6.000, 1.000, 20.000, '11', '14', '2025-02-05', '2025-02-05-01-36-54__', 10, 14, '2025-02-05 13:36:54', '0000-00-00 00:00:00', NULL),
(24, 'P-00024', 'kinder maxi', '80050094', 13.000, 1.000, 50.000, '10', '13', '2025-02-05', '2025-02-05-01-38-15__', 10, 14, '2025-02-05 13:38:15', '0000-00-00 00:00:00', NULL),
(25, 'P-00025', 'kinder chocolate', '80050315', 5.000, 1.000, 50.000, '5', '8', '2025-02-05', '2025-02-05-01-39-18__', 10, 14, '2025-02-05 13:39:18', '0000-00-00 00:00:00', NULL),
(26, 'P-00026', 'HALLS', 'HALLS', 105.000, 1.000, 150.000, '5', '12', '2025-02-05', '2025-02-05-01-49-50__', 10, 13, '2025-02-05 13:49:50', '2025-02-06 09:31:20', NULL),
(27, 'P-00027', 'HALLS MONCH SANDIA', '7622210570673', 30.000, 5.000, 50.000, '1', '5', '2025-02-05', '2025-02-05-01-54-18__', 10, 13, '2025-02-05 13:54:18', '2025-02-05 13:58:03', NULL),
(28, 'P-00028', 'HALLS MONCH MORA', '7622210570703', 30.000, 1.000, 50.000, '1', '5', '2025-02-05', '2025-02-05-01-55-50__', 10, 13, '2025-02-05 13:55:50', '0000-00-00 00:00:00', NULL),
(29, 'P-00029', 'ZUMBA GOMA SANDIA', '703885005251', 20.000, 5.000, 100.000, '3', '5', '2025-02-05', '2025-02-05-02-00-12__', 10, 13, '2025-02-05 14:00:12', '2025-02-06 12:29:32', NULL),
(30, 'P-00030', 'WINIS DURAZNO', '754177506307', 2.000, 0.000, 50.000, '3', '5', '2025-02-05', '2025-02-05-02-02-21__', 10, 13, '2025-02-05 14:02:21', '0000-00-00 00:00:00', NULL),
(31, 'P-00031', 'WINIS CEREZA', '754177506116', 1.000, 0.000, 100.000, '1', '3', '2025-02-05', '2025-02-05-02-04-46__', 10, 13, '2025-02-05 14:04:46', '0000-00-00 00:00:00', NULL),
(32, 'P-00032', 'WINIS LIMON', '754177506123', 1.000, 0.000, 50.000, '1', '3', '2025-02-05', '2025-02-05-02-05-30__', 10, 13, '2025-02-05 14:05:30', '0000-00-00 00:00:00', NULL),
(33, 'P-00033', 'WINIS NARANJA', '754177506147', 3.000, 0.000, 50.000, '1', '3', '2025-02-05', '2025-02-05-02-06-12__', 10, 13, '2025-02-05 14:06:12', '0000-00-00 00:00:00', NULL),
(34, 'P-00034', 'WINIS UVA', '754177506154', 4.000, 0.000, 50.000, '1', '3', '2025-02-05', '2025-02-05-02-07-23__', 10, 13, '2025-02-05 14:07:23', '0000-00-00 00:00:00', NULL),
(35, 'P-00035', 'TRABALENGUAS', '759686200098', 9.000, 5.000, 100.000, '1', '3', '2025-02-05', '2025-02-05-02-09-23__', 10, 13, '2025-02-05 14:09:23', '0000-00-00 00:00:00', NULL),
(36, 'P-00036', 'PALETA CUPIDO', '7503030374736', 61.000, 5.000, 150.000, '1', '3', '2025-02-05', '2025-02-05-02-11-08__', 10, 13, '2025-02-05 14:11:08', '2025-02-05 14:47:56', NULL),
(37, 'P-00037', 'PALETA MANITA', '7503030374583', 33.000, 5.000, 100.000, '1', '3', '2025-02-05', '2025-02-05-02-14-03__', 10, 13, '2025-02-05 14:14:03', '0000-00-00 00:00:00', NULL),
(38, 'P-00038', ' PALETA BOMBA CHILE', '75038465', 118.000, 5.000, 100.000, '1', '3', '2025-02-05', '2025-02-05-02-18-35__', 10, 13, '2025-02-05 14:18:35', '2025-02-05 14:58:09', NULL),
(39, 'P-00039', 'PALETA BOMBA NEGRA', '759686442184', 121.000, 5.000, 150.000, '1', '3', '2025-02-05', '2025-02-05-02-19-30__', 10, 13, '2025-02-05 14:19:30', '2025-02-05 14:29:51', NULL),
(40, 'P-00040', 'PALETA PINTA AZUL', '759686272682', 42.000, 5.000, 100.000, '1', '3', '2025-02-05', '2025-02-05-02-22-46__', 10, 13, '2025-02-05 14:22:46', '0000-00-00 00:00:00', NULL),
(41, 'P-00041', 'PALETA SEMAFORO', '75038502', 94.000, 5.000, 100.000, '1', '3', '2025-02-05', '2025-02-05-02-25-10__', 10, 13, '2025-02-05 14:25:10', '2025-02-05 14:56:21', NULL),
(42, 'P-00042', 'PALETA SANDI BROCHA', '759686241183', 23.000, 5.000, 150.000, '1', '3', '2025-02-05', '2025-02-05-02-32-27__', 10, 13, '2025-02-05 14:32:27', '0000-00-00 00:00:00', NULL),
(43, 'P-00043', 'PALETA BOMBA SANDIA', '75039073', 40.000, 5.000, 150.000, '1', '3', '2025-02-05', '2025-02-05-02-34-02__', 10, 13, '2025-02-05 14:34:02', '0000-00-00 00:00:00', NULL),
(44, 'P-00044', 'PALETA TARRITO', '7503030374552', 18.000, 5.000, 150.000, '1', '3', '2025-02-05', '2025-02-05-02-36-48__', 10, 13, '2025-02-05 14:36:48', '0000-00-00 00:00:00', NULL),
(45, 'P-00045', 'PALETA MANGO ', '7503030374651', 21.000, 5.000, 150.000, '1', '3', '2025-02-05', '2025-02-05-02-38-33__', 10, 13, '2025-02-05 14:38:33', '0000-00-00 00:00:00', NULL),
(46, 'P-00046', 'PALETA SABRO SANDIA', '7502250394678', 36.000, 5.000, 150.000, '1', '3', '2025-02-05', '2025-02-05-02-41-20__', 10, 13, '2025-02-05 14:41:20', '0000-00-00 00:00:00', NULL),
(47, 'P-00047', 'CUPIDO', '7622202272233', 40.000, 5.000, 150.000, '1', '3', '2025-02-05', '2025-02-05-02-50-30__', 10, 13, '2025-02-05 14:50:30', '0000-00-00 00:00:00', NULL),
(48, 'P-00048', 'PALETA TUTSI POP', 'TUTSI', 125.000, 1.000, 150.000, '2', '7', '2025-02-05', '2025-02-05-02-53-32__', 10, 13, '2025-02-05 14:53:32', '0000-00-00 00:00:00', NULL),
(49, 'P-00049', 'paleta guna cola', '739802517330', 29.000, 5.000, 150.000, '1', '2', '2025-02-05', '2025-02-05-04-27-37__', 10, 13, '2025-02-05 16:27:37', '0000-00-00 00:00:00', NULL),
(50, 'P-00050', 'paleta miguelito', 'miguelito', 10.000, 1.000, 150.000, '1', '3', '2025-02-05', '2025-02-05-04-29-51__', 10, 13, '2025-02-05 16:29:51', '0000-00-00 00:00:00', NULL),
(51, 'P-00051', 'paleta icee', '75079598', 66.000, 1.000, 150.000, '1', '3', '2025-02-06', '2025-02-06-09-09-33__', 10, 13, '2025-02-06 09:09:33', '0000-00-00 00:00:00', NULL),
(52, 'P-00052', 'paleta winis', 'paleta winis', 23.000, 1.000, 150.000, '1', '3', '2025-02-06', '2025-02-06-09-10-34__', 10, 13, '2025-02-06 09:10:34', '0000-00-00 00:00:00', NULL),
(53, 'P-00053', 'orbit', 'orbit', 304.000, 1.000, 500.000, '1', '3', '2025-02-06', '2025-02-06-09-18-38__', 10, 13, '2025-02-06 09:18:38', '0000-00-00 00:00:00', NULL),
(54, 'P-00054', 'trident', 'trident', 164.000, 1.000, 1200.000, '1', '3', '2025-02-06', '2025-02-06-09-25-47__', 10, 13, '2025-02-06 09:25:47', '2025-02-06 09:26:28', NULL),
(55, 'P-00055', 'bubbaloo', 'bubbaloo', 890.000, 1.000, 1200.000, '1', '2', '2025-02-06', '2025-02-06-09-37-46__', 10, 13, '2025-02-06 09:37:46', '0000-00-00 00:00:00', NULL),
(56, 'P-00056', 'winis cool cereza', '754177509834', 16.000, 1.000, 50.000, '1', '5', '2025-02-06', '2025-02-06-09-41-28__', 10, 13, '2025-02-06 09:41:28', '0000-00-00 00:00:00', NULL),
(57, 'P-00057', 'winis cool mora azul', '754177509841', 16.000, 1.000, 50.000, '1', '5', '2025-02-06', '2025-02-06-09-42-30__', 10, 13, '2025-02-06 09:42:30', '0000-00-00 00:00:00', NULL),
(58, 'P-00058', 'winis durazno', '754177506307', -42.000, 1.000, 50.000, '1', '5', '2025-02-06', '2025-02-06-09-45-01__', 10, 1, '2025-02-06 09:45:01', '0000-00-00 00:00:00', NULL),
(59, 'P-00059', 'winis uva', '754177506314', 8.000, 1.000, 50.000, '1', '5', '2025-02-06', '2025-02-06-09-45-37__', 10, 13, '2025-02-06 09:45:37', '0000-00-00 00:00:00', NULL),
(60, 'P-00060', 'winis fresas con crema', '754177506291', 16.000, 1.000, 50.000, '1', '5', '2025-02-06', '2025-02-06-09-46-25__', 10, 13, '2025-02-06 09:46:25', '0000-00-00 00:00:00', NULL),
(61, 'P-00061', 'chiicle icee', '75079567', 24.000, 1.000, 100.000, '1', '3', '2025-02-06', '2025-02-06-09-47-39__', 10, 13, '2025-02-06 09:47:39', '0000-00-00 00:00:00', NULL),
(62, 'P-00062', 'triden fruitmix 18', '7622210603548', 12.000, 1.000, 50.000, '10', '20', '2025-02-06', '2025-02-06-09-50-52__', 10, 13, '2025-02-06 09:50:52', '0000-00-00 00:00:00', NULL),
(63, 'P-00063', 'trident freshmix', '7622210774163', 12.000, 1.000, 50.000, '10', '20', '2025-02-06', '2025-02-06-09-52-15__', 10, 13, '2025-02-06 09:52:15', '0000-00-00 00:00:00', NULL),
(64, 'P-00064', 'trident xtracare', '7622210571083', 12.000, 1.000, 50.000, '1', '12', '2025-02-06', '2025-02-06-09-55-51__', 10, 13, '2025-02-06 09:55:51', '0000-00-00 00:00:00', NULL),
(65, 'P-00065', 'trident x-twist', '7622210530448', 24.000, 1.000, 50.000, '1', '15', '2025-02-06', '2025-02-06-09-56-51__', 10, 13, '2025-02-06 09:56:51', '2025-02-06 13:07:33', NULL),
(66, 'P-00066', 'trident sandia', '7622210530479', 8.000, 1.000, 50.000, '1', '15', '2025-02-06', '2025-02-06-09-58-04__', 10, 13, '2025-02-06 09:58:04', '0000-00-00 00:00:00', NULL),
(67, 'P-00067', 'chutazo', 'chutazo', 17.000, 1.000, 150.000, '1', '7', '2025-02-06', '2025-02-06-09-59-25__', 10, 1, '2025-02-06 09:59:25', '0000-00-00 00:00:00', NULL),
(68, 'P-00068', 'carlos v semiamargo', '7501059299252', 4.000, 1.000, 150.000, '1', '15', '2025-02-06', '2025-02-06-10-00-56__', 10, 13, '2025-02-06 10:00:56', '0000-00-00 00:00:00', NULL),
(69, 'P-00069', 'pelon pelo rico', '719886211713', 34.000, 1.000, 100.000, '7', '10', '2025-02-06', '2025-02-06-10-06-09__', 10, 13, '2025-02-06 10:06:09', '0000-00-00 00:00:00', NULL),
(70, 'P-00070', 'peloneta tamarindo', '719886145582', 10.000, 1.000, 150.000, '2', '7', '2025-02-06', '2025-02-06-10-09-42__', 10, 13, '2025-02-06 10:09:42', '0000-00-00 00:00:00', NULL),
(71, 'P-00071', 'peloneta sandia', '719886145483', 10.000, 1.000, 150.000, '2', '7', '2025-02-06', '2025-02-06-10-10-45__', 10, 13, '2025-02-06 10:10:45', '0000-00-00 00:00:00', NULL),
(72, 'P-00072', 'peloneta mango', '719886145506', 10.000, 1.000, 150.000, '2', '7', '2025-02-06', '2025-02-06-10-11-27__', 10, 13, '2025-02-06 10:11:27', '0000-00-00 00:00:00', NULL),
(73, 'P-00073', 'peloneta chamoy', '719886145544', 10.000, 1.000, 150.000, '2', '7', '2025-02-06', '2025-02-06-10-12-16__', 10, 13, '2025-02-06 10:12:16', '0000-00-00 00:00:00', NULL),
(74, 'P-00074', 'manita elastica', '7503015060968', 48.000, 1.000, 150.000, '2', '5', '2025-02-06', '2025-02-06-10-15-00__', 10, 13, '2025-02-06 10:15:00', '0000-00-00 00:00:00', NULL),
(75, 'P-00075', 'paleta laser', '761682850108', 11.000, 1.000, 150.000, '2', '8', '2025-02-06', '2025-02-06-10-19-56__', 10, 13, '2025-02-06 10:19:56', '2025-02-06 10:22:36', NULL),
(76, 'P-00076', 'paleta manzana ', '7502231140515', 24.000, 1.000, 100.000, '2', '8', '2025-02-06', '2025-02-06-10-21-01__', 10, 13, '2025-02-06 10:21:01', '0000-00-00 00:00:00', NULL),
(77, 'P-00077', 'puerquito neon', '7500464969156', 24.000, 1.000, 150.000, '2', '8', '2025-02-06', '2025-02-06-10-23-39__', 10, 13, '2025-02-06 10:23:39', '0000-00-00 00:00:00', NULL),
(78, 'P-00078', 'paleta neon', '7500464969101', 26.000, 1.000, 120.000, '2', '8', '2025-02-06', '2025-02-06-10-24-45__', 10, 13, '2025-02-06 10:24:45', '0000-00-00 00:00:00', NULL),
(79, 'P-00079', 'corazon neon', '7500464969163', 50.000, 1.000, 150.000, '2', '8', '2025-02-06', '2025-02-06-10-26-09__', 10, 13, '2025-02-06 10:26:09', '2025-02-06 11:07:42', NULL),
(80, 'P-00080', 'pecositas', 'pecositas', 35.000, 1.000, 200.000, '1', '3', '2025-02-06', '2025-02-06-10-28-47__', 10, 13, '2025-02-06 10:28:47', '0000-00-00 00:00:00', NULL),
(81, 'P-00081', 'pachi bola fuego', '744218009003', 25.000, 1.000, 150.000, '1', '3', '2025-02-06', '2025-02-06-10-30-57__', 10, 13, '2025-02-06 10:30:57', '0000-00-00 00:00:00', NULL),
(82, 'P-00082', 'pelon pelonetes', '75064631', 12.000, 1.000, 100.000, '2', '10', '2025-02-06', '2025-02-06-10-35-29__', 10, 13, '2025-02-06 10:35:29', '0000-00-00 00:00:00', NULL),
(83, 'P-00083', 'canels', '', 267.000, 1.000, 500.000, '1', '2', '2025-02-06', '2025-02-06-10-39-39__', 10, 13, '2025-02-06 10:39:39', '0000-00-00 00:00:00', NULL),
(84, 'P-00084', 'boing mango ', '019836100754', 9.000, 1.000, 100.000, '1', '12', '2025-02-06', '2025-02-06-10-41-57__', 10, 6, '2025-02-06 10:41:57', '0000-00-00 00:00:00', NULL),
(85, 'P-00085', 'boing manzana', '019836100778', 12.000, 1.000, 100.000, '1', '12', '2025-02-06', '2025-02-06-10-42-32__', 10, 6, '2025-02-06 10:42:32', '0000-00-00 00:00:00', NULL),
(86, 'P-00086', 'boing  uva', '019836100792', 6.000, 1.000, 100.000, '1', '12', '2025-02-06', '2025-02-06-10-43-37__', 10, 6, '2025-02-06 10:43:37', '0000-00-00 00:00:00', NULL),
(87, 'P-00087', 'muecas morado', '7502226815022', 26.000, 1.000, 100.000, '1', '10', '2025-02-06', '2025-02-06-10-47-46__', 10, 13, '2025-02-06 10:47:46', '2025-02-06 11:25:07', NULL),
(88, 'P-00088', 'muecas naranja', '7502226814995', 22.000, 1.000, 100.000, '1', '10', '2025-02-06', '2025-02-06-10-49-23__', 10, 13, '2025-02-06 10:49:23', '0000-00-00 00:00:00', NULL),
(89, 'P-00089', 'panzon', '7502226815145', 12.000, 1.000, 100.000, '1', '10', '2025-02-06', '2025-02-06-10-50-44__', 10, 13, '2025-02-06 10:50:44', '0000-00-00 00:00:00', NULL),
(90, 'P-00090', 'jelly brush', '75080167', 60.000, 1.000, 100.000, '1', '5', '2025-02-06', '2025-02-06-10-53-21__', 10, 13, '2025-02-06 10:53:21', '0000-00-00 00:00:00', NULL),
(91, 'P-00091', 'muecas pepino', '7502226815114', 2.000, 1.000, 100.000, '1', '10', '2025-02-06', '2025-02-06-10-56-24__', 10, 13, '2025-02-06 10:56:24', '0000-00-00 00:00:00', NULL),
(92, 'P-00092', 'muecas sandia', '7502226815084', 10.000, 1.000, 100.000, '1', '10', '2025-02-06', '2025-02-06-10-57-12__', 10, 13, '2025-02-06 10:57:12', '0000-00-00 00:00:00', NULL),
(93, 'P-00093', 'gusano', 'gusano', 10.000, 1.000, 100.000, '1', '10', '2025-02-06', '2025-02-06-10-58-07__', 10, 13, '2025-02-06 10:58:07', '0000-00-00 00:00:00', NULL),
(94, 'P-00094', 'chisguetazo', '7503015060364', 48.000, 1.000, 100.000, '1', '8', '2025-02-06', '2025-02-06-11-00-00__', 10, 13, '2025-02-06 11:00:00', '0000-00-00 00:00:00', NULL),
(95, 'P-00095', 'lighting spray ', '6957342999889', 24.000, 1.000, 100.000, '1', '10', '2025-02-06', '2025-02-06-11-06-37__', 10, 13, '2025-02-06 11:06:37', '0000-00-00 00:00:00', NULL),
(96, 'P-00096', 'luminox alien ', '603554113037', 48.000, 1.000, 100.000, '1', '5', '2025-02-06', '2025-02-06-11-09-34__', 10, 13, '2025-02-06 11:09:34', '2025-02-06 11:14:30', NULL),
(97, 'P-00097', 'prende spray ', '7502265131893', 48.000, 1.000, 100.000, '1', '5', '2025-02-06', '2025-02-06-11-13-54__', 10, 13, '2025-02-06 11:13:54', '0000-00-00 00:00:00', NULL),
(98, 'P-00098', 'picalitas ', '788843260026', 45.000, 1.000, 100.000, '1', '7', '2025-02-06', '2025-02-06-11-16-31__', 10, 13, '2025-02-06 11:16:31', '2025-02-06 11:48:54', NULL),
(99, 'P-00099', 'brilla lips', 'brilla lips', 32.000, 1.000, 100.000, '1', '7', '2025-02-06', '2025-02-06-11-20-10__', 10, 13, '2025-02-06 11:20:10', '0000-00-00 00:00:00', NULL),
(100, 'P-00100', 'dispensador bubli ', '840004031569', 0.000, 0.000, 10.000, '60', '120', '2025-02-06', '2025-02-06-11-22-02__', 10, 13, '2025-02-06 11:22:02', '0000-00-00 00:00:00', NULL),
(101, 'P-00101', 'bombon', 'bonbom', 30.000, 1.000, 50.000, '1', '5', '2025-02-06', '2025-02-06-11-25-51__', 10, 13, '2025-02-06 11:25:51', '0000-00-00 00:00:00', NULL),
(102, 'P-00102', 'muecas tamarindo', '7506174513894', 10.000, 1.000, 50.000, '1', '10', '2025-02-06', '2025-02-06-11-26-32__', 10, 13, '2025-02-06 11:26:32', '0000-00-00 00:00:00', NULL),
(103, 'P-00103', 'palanqueta nuez', 'palanqueta', 24.000, 1.000, 50.000, '1', '5', '2025-02-06', '2025-02-06-11-30-26__', 10, 13, '2025-02-06 11:30:26', '0000-00-00 00:00:00', NULL),
(104, 'P-00104', 'palanqueta con pepitas', 'palanqueta', 48.000, 1.000, 50.000, '1', '5', '2025-02-06', '2025-02-06-11-31-29__', 10, 13, '2025-02-06 11:31:29', '2025-02-06 11:39:14', NULL),
(105, 'P-00105', 'panqueta cacahuate', 'palanqueta', 24.000, 1.000, 50.000, '1', '5', '2025-02-06', '2025-02-06-11-32-11__', 10, 13, '2025-02-06 11:32:11', '0000-00-00 00:00:00', NULL),
(106, 'P-00106', 'lucas bomvaso', '725181389019', 10.000, 1.000, 50.000, '1', '10', '2025-02-06', '2025-02-06-11-34-43__', 10, 13, '2025-02-06 11:34:43', '0000-00-00 00:00:00', NULL),
(107, 'P-00107', 'canastitas', 'canastitas', 100.000, 1.000, 150.000, '1', '3', '2025-02-06', '2025-02-06-11-37-21__', 10, 13, '2025-02-06 11:37:21', '0000-00-00 00:00:00', NULL),
(108, 'P-00108', 'huevo niño', '80741244', 10.000, 1.000, 50.000, '1', '25', '2025-02-06', '2025-02-06-11-41-07__', 10, 14, '2025-02-06 11:41:07', '0000-00-00 00:00:00', NULL),
(109, 'P-00109', 'huevo carrito ', '80051121', 0.000, 1.000, 50.000, '1', '25', '2025-02-06', '2025-02-06-11-42-00__', 10, 14, '2025-02-06 11:42:00', '0000-00-00 00:00:00', NULL),
(110, 'P-00110', 'huevo soldado', '80135692', 1.000, 0.000, 50.000, '1', '25', '2025-02-06', '2025-02-06-11-42-44__', 10, 14, '2025-02-06 11:42:44', '0000-00-00 00:00:00', NULL),
(111, 'P-00111', 'huevo dinosaurio', '80135692', 8.000, 0.000, 50.000, '1', '25', '2025-02-06', '2025-02-06-11-43-37__', 10, 14, '2025-02-06 11:43:37', '0000-00-00 00:00:00', NULL),
(112, 'P-00112', 'huevo muñeca', '80741251', 8.000, 0.000, 50.000, '1', '25', '2025-02-06', '2025-02-06-11-44-31__', 10, 14, '2025-02-06 11:44:31', '0000-00-00 00:00:00', NULL),
(113, 'P-00113', 'tuning cars', '840004031262', 12.000, 1.000, 50.000, '1', '12', '2025-02-06', '2025-02-06-11-46-18__', 10, 13, '2025-02-06 11:46:18', '0000-00-00 00:00:00', NULL),
(114, 'P-00114', 'dulce menta', 'dulce menta', 28.000, 1.000, 50.000, '1', '5', '2025-02-06', '2025-02-06-11-47-11__', 10, 13, '2025-02-06 11:47:11', '0000-00-00 00:00:00', NULL),
(115, 'P-00115', 'skwinkles salsaghueti', '725181249016', 12.000, 1.000, 51.000, '1', '12', '2025-02-06', '2025-02-06-11-50-12__', 10, 13, '2025-02-06 11:50:12', '0000-00-00 00:00:00', NULL),
(116, 'P-00116', 'zumba roll sandia', '703885008559', 12.000, 1.000, 50.000, '1', '5', '2025-02-06', '2025-02-06-11-52-50__', 10, 13, '2025-02-06 11:52:50', '0000-00-00 00:00:00', NULL),
(117, 'P-00117', 'zumba roll mango', '703885008535', 12.000, 1.000, 50.000, '1', '5', '2025-02-06', '2025-02-06-11-54-01__', 10, 13, '2025-02-06 11:54:01', '2025-02-06 12:30:19', NULL),
(118, 'P-00118', 'tama vaso', '7503013769122', 16.000, 1.000, 30.000, '1', '10', '2025-02-06', '2025-02-06-12-03-39__', 10, 13, '2025-02-06 12:03:39', '0000-00-00 00:00:00', NULL),
(119, 'P-00119', 'pollito ', 'pollito', 120.000, 1.000, 200.000, '1', '2', '2025-02-06', '2025-02-06-12-06-00__', 10, 13, '2025-02-06 12:06:00', '0000-00-00 00:00:00', NULL),
(120, 'P-00120', 'mazapan chico', 'mazapan chico', 120.000, 1.000, 200.000, '1', '3', '2025-02-06', '2025-02-06-12-09-54__', 10, 13, '2025-02-06 12:09:54', '0000-00-00 00:00:00', NULL),
(121, 'P-00121', 'mazapan gigante', 'mazapan gigante', 40.000, 1.000, 100.000, '1', '10', '2025-02-06', '2025-02-06-12-11-30__', 10, 13, '2025-02-06 12:11:30', '0000-00-00 00:00:00', NULL),
(122, 'P-00122', 'skittles', '7502226816944', 10.000, 1.000, 50.000, '1', '12', '2025-02-06', '2025-02-06-12-13-22__', 10, 13, '2025-02-06 12:13:22', '0000-00-00 00:00:00', NULL),
(123, 'P-00123', 'chicle the long', '812999011482', 24.000, 1.000, 50.000, '1', '15', '2025-02-06', '2025-02-06-12-15-50__', 10, 13, '2025-02-06 12:15:50', '0000-00-00 00:00:00', NULL),
(124, 'P-00124', 'casita poni', '840004031354', 12.000, 0.000, 30.000, '1', '15', '2025-02-06', '2025-02-06-12-19-11__', 10, 13, '2025-02-06 12:19:11', '0000-00-00 00:00:00', NULL),
(125, 'P-00125', 'jelly pop', '7503016400206', 32.000, 0.000, 50.000, '1', '5', '2025-02-06', '2025-02-06-12-21-06__', 10, 13, '2025-02-06 12:21:06', '0000-00-00 00:00:00', NULL),
(126, 'P-00126', 'wafer', 'wafer', 900.000, 1.000, 1200.000, '1', '2', '2025-02-06', '2025-02-06-12-23-31__', 10, 13, '2025-02-06 12:23:31', '2025-02-06 12:23:41', NULL),
(127, 'P-00127', 'zuba goma fresa', '703885005268', 4.000, 0.000, 100.000, '1', '5', '2025-02-06', '2025-02-06-12-32-06__', 10, 13, '2025-02-06 12:32:06', '0000-00-00 00:00:00', NULL),
(128, 'P-00128', 'paleton', '745404566317', 36.000, 0.000, 100.000, '1', '4', '2025-02-06', '2025-02-06-12-34-44__', 10, 13, '2025-02-06 12:34:44', '0000-00-00 00:00:00', NULL),
(129, 'P-00129', 'duvalin avellana y cajeta ', '75019419', 24.000, 0.000, 50.000, '0', '6', '2025-02-06', '2025-02-06-12-40-48__', 10, 13, '2025-02-06 12:40:48', '0000-00-00 00:00:00', NULL),
(130, 'P-00130', 'duvalin ', '02526719', 36.000, 0.000, 50.000, '1', '3', '2025-02-06', '2025-02-06-12-44-53__', 10, 13, '2025-02-06 12:44:53', '0000-00-00 00:00:00', NULL),
(131, 'P-00131', 'duvalin vainilla', '02520568', 36.000, 0.000, 100.000, '1', '3', '2025-02-06', '2025-02-06-12-46-04__', 10, 13, '2025-02-06 12:46:04', '0000-00-00 00:00:00', NULL),
(132, 'P-00132', 'duvalin fresa', '02520609', 36.000, 1.000, 100.000, '0', '3', '2025-02-06', '2025-02-06-12-47-24__', 10, 13, '2025-02-06 12:47:24', '0000-00-00 00:00:00', NULL),
(133, 'P-00133', 'corazon neo', '761682802466', 9.000, 0.000, 50.000, '1', '8', '2025-02-06', '2025-02-06-12-51-59__', 10, 13, '2025-02-06 12:51:59', '0000-00-00 00:00:00', NULL),
(134, 'P-00134', 'crazy dips fresa', '7503027878896', 1.000, 0.000, 50.000, '6', '10', '2025-02-06', '2025-02-06-12-54-17__', 10, 13, '2025-02-06 12:54:17', '0000-00-00 00:00:00', NULL),
(135, 'P-00135', 'crazy dips uva', '7503027878926', 2.000, 0.000, 50.000, '6', '10', '2025-02-06', '2025-02-06-12-55-03__', 10, 13, '2025-02-06 12:55:03', '0000-00-00 00:00:00', NULL),
(136, 'P-00136', 'clorets', '75019907', 20.000, 1.000, 100.000, '1', '2', '2025-02-06', '2025-02-06-12-56-58__', 10, 13, '2025-02-06 12:56:58', '2025-02-07 13:25:50', NULL),
(137, 'P-00137', 'huevitos ', 'huevitos', 106.000, 1.000, 200.000, '0', '1', '2025-02-06', '2025-02-06-01-05-59__', 10, 13, '2025-02-06 13:05:59', '0000-00-00 00:00:00', NULL),
(138, 'P-00138', 'bubba xtreme fresa', '7501056900151', 2.000, 0.000, 100.000, '1', '8', '2025-02-06', '2025-02-06-01-06-38__', 10, 13, '2025-02-06 13:06:38', '0000-00-00 00:00:00', NULL),
(139, 'P-00139', 'tiburones', 'tiburones', 117.000, 0.000, 200.000, '0', '1', '2025-02-06', '2025-02-06-01-09-23__', 10, 13, '2025-02-06 13:09:23', '0000-00-00 00:00:00', NULL),
(140, 'P-00140', 'tic tac naranja', '80941361', 6.000, 0.000, 20.000, '1', '11', '2025-02-06', '2025-02-06-01-11-03__', 10, 14, '2025-02-06 13:11:03', '0000-00-00 00:00:00', NULL),
(141, 'P-00141', 'tic tac menta', '80969143', 5.000, 0.000, 20.000, '1', '11', '2025-02-06', '2025-02-06-01-11-42__', 10, 14, '2025-02-06 13:11:42', '0000-00-00 00:00:00', NULL),
(142, 'P-00142', 'tic tac fresa', '80941385', 3.000, 0.000, 20.000, '1', '11', '2025-02-06', '2025-02-06-01-12-19__', 10, 14, '2025-02-06 13:12:19', '0000-00-00 00:00:00', NULL),
(143, 'P-00143', 'tic tac cereza', '80771944', 4.000, 0.000, 20.000, '1', '11', '2025-02-06', '2025-02-06-01-12-53__', 10, 14, '2025-02-06 13:12:53', '0000-00-00 00:00:00', NULL),
(144, 'P-00144', 'cacahauate confitado', 'cacahuate confitado', 185.000, 0.000, 500.000, '0', '1', '2025-02-06', '2025-02-06-01-22-22__', 10, 13, '2025-02-06 13:22:22', '2025-02-06 13:38:05', NULL),
(145, 'P-00145', 'clorets plus', '7622210624482', 7.000, 0.000, 100.000, '1', '10', '2025-02-06', '2025-02-06-01-23-53__', 10, 13, '2025-02-06 13:23:53', '0000-00-00 00:00:00', NULL),
(146, 'P-00146', 'trident fresa largo', '7622210582027', 7.000, 0.000, 100.000, '0', '10', '2025-02-06', '2025-02-06-01-25-47__', 10, 13, '2025-02-06 13:25:47', '0000-00-00 00:00:00', NULL),
(147, 'P-00147', 'colosseo', '7506226201830', 2.000, 0.000, 5.000, '0', '100', '2025-02-06', '2025-02-06-01-27-01__', 10, 13, '2025-02-06 13:27:01', '0000-00-00 00:00:00', NULL),
(148, 'P-00148', 'colosseo golden ', '7503001793337', 2.000, 0.000, 5.000, '60', '100', '2025-02-06', '2025-02-06-01-31-55__', 10, 13, '2025-02-06 13:31:55', '0000-00-00 00:00:00', NULL),
(149, 'P-00149', 'colosseo bianco', '7503001793344', 2.000, 0.000, 5.000, '60', '100', '2025-02-06', '2025-02-06-01-32-42__', 10, 13, '2025-02-06 13:32:42', '0000-00-00 00:00:00', NULL),
(150, 'P-00150', 'huevos de dinosaurio', 'huevos dinosaurio', 41.000, 0.000, 100.000, '1', '3', '2025-02-06', '2025-02-06-01-37-42__', 10, 13, '2025-02-06 13:37:42', '0000-00-00 00:00:00', NULL),
(151, 'P-00151', 'silborix', 'silborix', 40.000, 0.000, 100.000, '0', '1', '2025-02-06', '2025-02-06-01-40-20__', 10, 13, '2025-02-06 13:40:20', '0000-00-00 00:00:00', NULL),
(152, 'P-00152', 'skwinkles chunks', '7502271914619', 6.000, 0.000, 50.000, '0', '10', '2025-02-06', '2025-02-06-01-41-40__', 10, 13, '2025-02-06 13:41:40', '0000-00-00 00:00:00', NULL),
(153, 'P-00153', 'mentas', 'mentas', 97.000, 0.000, 200.000, '0', '1', '2025-02-06', '2025-02-06-01-43-09__', 10, 13, '2025-02-06 13:43:09', '0000-00-00 00:00:00', NULL),
(154, 'P-00154', 'mango enchilado', 'mango enchilado', 80.000, 0.000, 200.000, '0', '2', '2025-02-06', '2025-02-06-01-44-20__', 10, 13, '2025-02-06 13:44:20', '0000-00-00 00:00:00', NULL),
(155, 'P-00155', 'pulparindots', '725226000862', 20.000, 0.000, 100.000, '0', '10', '2025-02-06', '2025-02-06-01-45-39__', 10, 13, '2025-02-06 13:45:39', '0000-00-00 00:00:00', NULL),
(156, 'P-00156', 'pulparindots fuego', '725226001708', 20.000, 0.000, 100.000, '0', '10', '2025-02-06', '2025-02-06-01-46-49__', 10, 13, '2025-02-06 13:46:49', '0000-00-00 00:00:00', NULL),
(157, 'P-00157', 'gelatina', 'gelatina', 90.000, 0.000, 200.000, '0', '3', '2025-02-06', '2025-02-06-01-49-45__', 10, 13, '2025-02-06 13:49:45', '0000-00-00 00:00:00', NULL),
(158, 'P-00158', 'vasi chile', 'vasi chile', 40.000, 0.000, 100.000, '0', '5', '2025-02-06', '2025-02-06-01-50-49__', 10, 13, '2025-02-06 13:50:49', '0000-00-00 00:00:00', NULL),
(159, 'P-00159', 'tamborines', 'tamborines', 258.000, 0.000, 500.000, '0', '1', '2025-02-06', '2025-02-06-01-54-29__', 10, 13, '2025-02-06 13:54:29', '0000-00-00 00:00:00', NULL),
(160, 'P-00160', 'zandhtas', 'zandhtas', 200.000, 0.000, 500.000, '0', '1', '2025-02-06', '2025-02-06-01-57-26__', 10, 13, '2025-02-06 13:57:26', '0000-00-00 00:00:00', NULL),
(161, 'P-00161', 'mini jelly huevo', '7502273907305', 20.000, 0.000, 50.000, '0', '5', '2025-02-06', '2025-02-06-02-04-43__', 10, 13, '2025-02-06 14:04:43', '0000-00-00 00:00:00', NULL),
(162, 'P-00162', 'crayon fresa', '719886120275', 2.000, 0.000, 50.000, '1', '12', '2025-02-06', '2025-02-06-02-09-11__', 10, 13, '2025-02-06 14:09:11', '0000-00-00 00:00:00', NULL),
(163, 'P-00163', 'nutri  bela verde 90g', '7506192509299', 1.000, 0.000, 30.000, '17', '20', '2025-02-07', '2025-02-07-09-26-21__', 10, 11, '2025-02-07 09:26:21', '2025-02-07 09:27:24', NULL),
(164, 'P-00164', 'nutri bela rosa 90g', '7506192510110', 4.000, 0.000, 50.000, '17', '20', '2025-02-07', '2025-02-07-09-27-11__', 10, 11, '2025-02-07 09:27:11', '0000-00-00 00:00:00', NULL),
(165, 'P-00165', 'nutri bela morada 90g', '7506192510677', 6.000, 0.000, 50.000, '17', '20', '2025-02-07', '2025-02-07-09-28-12__', 10, 11, '2025-02-07 09:28:12', '0000-00-00 00:00:00', NULL),
(166, 'P-00166', 'shampoo savile chile 180ml', '7506192502610', 4.000, 0.000, 50.000, '12', '16', '2025-02-07', '2025-02-07-09-30-23__', 10, 11, '2025-02-07 09:30:23', '0000-00-00 00:00:00', NULL),
(167, 'P-00167', 'ensueño bebe 850ml', '7501025414153', 3.000, 0.000, 50.000, '23', '28', '2025-02-07', '2025-02-07-09-37-48__', 10, 16, '2025-02-07 09:37:48', '0000-00-00 00:00:00', NULL),
(168, 'P-00167', 'shampoo savile almendras 180ml', '7506306213470', 3.000, 0.000, 50.000, '12', '16', '2025-02-07', '2025-02-07-09-42-06__', 10, 11, '2025-02-07 09:42:06', '0000-00-00 00:00:00', NULL),
(169, 'P-00169', 'shampoo savile biotina 180ml', '7506192505550', 1.000, 0.000, 50.000, '12', '16', '2025-02-07', '2025-02-07-09-43-38__', 10, 11, '2025-02-07 09:43:38', '0000-00-00 00:00:00', NULL),
(170, 'P-00168', 'Vogue 400 hojas', '7501017376322', 27.000, 0.000, 50.000, '23', '29', '2025-02-07', '2025-02-07-09-44-25__', 10, 19, '2025-02-07 09:44:25', '0000-00-00 00:00:00', NULL),
(171, 'P-00171', 'Vogue 400 hojas', '7501017376322', 19.000, 0.000, 50.000, '23', '29', '2025-02-07', '2025-02-07-09-56-00__', 10, 19, '2025-02-07 09:56:00', '0000-00-00 00:00:00', NULL),
(172, 'P-00171', 'shampoo savile miel 180ml', '7506192502603', 1.000, 0.000, 50.000, '12', '16', '2025-02-07', '2025-02-07-09-57-02__', 10, 11, '2025-02-07 09:57:02', '0000-00-00 00:00:00', NULL),
(173, 'P-00173', 'Petalo 400 Hojas', '7501943412200', 13.000, 0.000, 50.000, '28', '34', '2025-02-07', '2025-02-07-10-01-30__', 10, 19, '2025-02-07 10:01:30', '0000-00-00 00:00:00', NULL),
(174, 'P-00173', 'shampoo palmolive optims 200ml', '75002794', 2.000, 0.000, 50.000, '24', '29', '2025-02-07', '2025-02-07-10-04-19__', 10, 11, '2025-02-07 10:04:19', '0000-00-00 00:00:00', NULL),
(175, 'P-00174', 'Hortensia 400 hojas ', '7501050410311', 21.000, 0.000, 50.000, '22', '28', '2025-02-07', '2025-02-07-10-07-27__', 10, 19, '2025-02-07 10:07:27', '0000-00-00 00:00:00', NULL),
(176, 'P-00175', 'shampoo caprice 200ml', '7509546073057', 2.000, 0.000, 50.000, '20', '25', '2025-02-07', '2025-02-07-10-14-29__', 10, 11, '2025-02-07 10:14:29', '0000-00-00 00:00:00', NULL),
(177, 'P-00177', 'shampoo savile 2 en 1 nutricion ', '7506306213470', 1.000, 0.000, 50.000, '12', '16', '2025-02-07', '2025-02-07-10-17-19__', 10, 11, '2025-02-07 10:17:19', '0000-00-00 00:00:00', NULL),
(178, 'P-00177', 'Fabuloso Fresco Amanecer  500ml', '7501035906464', 2.000, 0.000, 50.000, '15', '21', '2025-02-07', '2025-02-07-10-17-39__', 10, 18, '2025-02-07 10:17:39', '2025-02-07 10:34:19', NULL),
(179, 'P-00179', 'shampoo savile 2 en1 chile', '7506192502610', 1.000, 0.000, 50.000, '12', '16', '2025-02-07', '2025-02-07-10-20-15__', 10, 11, '2025-02-07 10:20:15', '0000-00-00 00:00:00', NULL),
(180, 'P-00179', 'Poett  900ml', '7501071900280', 6.000, 0.000, 50.000, '16', '21', '2025-02-07', '2025-02-07-10-20-21__', 10, 17, '2025-02-07 10:20:21', '0000-00-00 00:00:00', NULL),
(181, 'P-00181', 'Poett 900 ml musica', '7501071906992', 2.000, 0.000, 50.000, '16', '21', '2025-02-07', '2025-02-07-10-23-32__', 10, 18, '2025-02-07 10:23:32', '0000-00-00 00:00:00', NULL),
(182, 'P-00181', 'savile crema para peinar coco 100ml', '7506306215474', 10.000, 0.000, 50.000, '12', '16', '2025-02-07', '2025-02-07-10-24-03__', 10, 11, '2025-02-07 10:24:03', '0000-00-00 00:00:00', NULL),
(183, 'P-00183', 'savile crema para peinar colageno 100ml', '7506192506175', 9.000, 0.000, 50.000, '12', '16', '2025-02-07', '2025-02-07-10-25-07__', 10, 11, '2025-02-07 10:25:07', '2025-02-07 10:25:22', NULL),
(184, 'P-00182', 'Poett 900 ml Suavidad', '7501071901287', 1.000, 0.000, 50.000, '16', '21', '2025-02-07', '2025-02-07-10-25-25__', 10, 17, '2025-02-07 10:25:25', '0000-00-00 00:00:00', NULL),
(185, 'P-00185', 'shampoo pantene rizos 100ml', '7506309873701', 1.000, 0.000, 50.000, '12', '20', '2025-02-07', '2025-02-07-10-27-47__', 10, 11, '2025-02-07 10:27:47', '0000-00-00 00:00:00', NULL),
(186, 'P-00186', 'shampoo pantene restauracion 100 ml ', '7506195160435', 2.000, 0.000, 50.000, '12', '20', '2025-02-07', '2025-02-07-10-28-42__', 10, 11, '2025-02-07 10:28:42', '0000-00-00 00:00:00', NULL),
(187, 'P-00187', 'shampoo pantene clasico 100ml', '7506195160466', 2.000, 0.000, 50.000, '12', '20', '2025-02-07', '2025-02-07-10-30-15__', 10, 11, '2025-02-07 10:30:15', '0000-00-00 00:00:00', NULL),
(188, 'P-00186', 'Pinol Aromas Floral 828ml', '7501025400187', 3.000, 0.000, 50.000, '21', '28', '2025-02-07', '2025-02-07-10-31-11__', 10, 17, '2025-02-07 10:31:11', '0000-00-00 00:00:00', NULL),
(189, 'P-00188', 'shampoo head & shoulders men 90ml', '7506339326468', 2.000, 0.000, 50.000, '12', '20', '2025-02-07', '2025-02-07-10-31-30__', 10, 11, '2025-02-07 10:31:30', '0000-00-00 00:00:00', NULL),
(190, 'P-00190', 'shampoo head&shoulders suave 90 ml', '7506195148679', 2.000, 0.000, 50.000, '12', '20', '2025-02-07', '2025-02-07-10-32-25__', 10, 11, '2025-02-07 10:32:25', '0000-00-00 00:00:00', NULL),
(191, 'P-00191', 'shampoo head&shoulders limpieza90ml', '7506195148686', 2.000, 0.000, 50.000, '12', '20', '2025-02-07', '2025-02-07-10-34-52__', 10, 11, '2025-02-07 10:34:52', '0000-00-00 00:00:00', NULL),
(192, 'P-00191', 'Pinol Aromas Therapy Relax 828ml', '7501025403881', 1.000, 0.000, 50.000, '22', '29', '2025-02-07', '2025-02-07-10-37-15__', 10, 16, '2025-02-07 10:37:15', '0000-00-00 00:00:00', NULL),
(193, 'P-00193', 'Pinol Aromas Lavanda 828ml', '7501025400118', 1.000, 0.000, 50.000, '22', '28', '2025-02-07', '2025-02-07-10-38-54__', 10, 16, '2025-02-07 10:38:54', '0000-00-00 00:00:00', NULL),
(194, 'P-00194', 'Pinol Original 500ml', '7501025403027', 5.000, 0.000, 50.000, '19', '23', '2025-02-07', '2025-02-07-10-41-07__', 10, 17, '2025-02-07 10:41:07', '0000-00-00 00:00:00', NULL),
(195, 'P-00194', 'quita esmalte nuvel 60ml', '7501082740158', 8.000, 0.000, 50.000, '7', '13', '2025-02-07', '2025-02-07-10-42-41__', 10, 11, '2025-02-07 10:42:41', '0000-00-00 00:00:00', NULL),
(196, 'P-00196', 'nugget cafe 60ml', '7501058743145', 1.000, 0.000, 50.000, '10', '15', '2025-02-07', '2025-02-07-10-46-31__', 10, 11, '2025-02-07 10:46:31', '0000-00-00 00:00:00', NULL),
(197, 'P-00197', 'nugeget negra 60ml', '7501058743121', 2.000, 0.000, 50.000, '10', '15', '2025-02-07', '2025-02-07-10-47-35__', 10, 11, '2025-02-07 10:47:35', '0000-00-00 00:00:00', NULL),
(198, 'P-00196', 'Fabuloso Mar Fresco 500ml', '75001186', 4.000, 0.000, 50.000, '15', '21', '2025-02-07', '2025-02-07-10-50-27__', 10, 16, '2025-02-07 10:50:27', '0000-00-00 00:00:00', NULL),
(199, 'P-00199', 'Fabuloso Lavanda 500ml', '75001162', 3.000, 0.000, 50.000, '15', '21', '2025-02-07', '2025-02-07-10-52-13__', 10, 16, '2025-02-07 10:52:13', '0000-00-00 00:00:00', NULL),
(200, 'P-00198', 'desodorante mum 53 ml', '75030100', 1.000, 0.000, 50.000, '20', '29', '2025-02-07', '2025-02-07-10-52-57__', 10, 11, '2025-02-07 10:52:57', '0000-00-00 00:00:00', NULL),
(201, 'P-00201', 'acetona lourdes 60 ml', '7503000720310', 2.000, 0.000, 50.000, '10', '13', '2025-02-07', '2025-02-07-10-54-19__', 10, 11, '2025-02-07 10:54:19', '0000-00-00 00:00:00', NULL),
(202, 'P-00200', 'Downy Romance 750ml', '7500435126014', 5.000, 0.000, 50.000, '26', '32', '2025-02-07', '2025-02-07-10-55-19__', 10, 16, '2025-02-07 10:55:19', '0000-00-00 00:00:00', NULL),
(203, 'P-00203', 'Downy Aroma Froral 800ml', '7501001155841', 4.000, 0.000, 50.000, '26', '32', '2025-02-07', '2025-02-07-10-57-20__', 10, 16, '2025-02-07 10:57:20', '0000-00-00 00:00:00', NULL),
(204, 'P-00203', 'labicream 3g', '781100177396', 24.000, 0.000, 50.000, '2', '6', '2025-02-07', '2025-02-07-10-57-51__', 10, 11, '2025-02-07 10:57:51', '0000-00-00 00:00:00', NULL),
(205, 'P-00205', 'Downy Passion 750ml', '7500435125987', 5.000, 0.000, 50.000, '26', '32', '2025-02-07', '2025-02-07-10-59-44__', 10, 16, '2025-02-07 10:59:44', '0000-00-00 00:00:00', NULL),
(206, 'P-00205', 'jabon liquido zen frutos rojos 500ml', '7502288150222', 2.000, 0.000, 10.000, '25', '30', '2025-02-07', '2025-02-07-11-00-08__', 10, 11, '2025-02-07 11:00:08', '0000-00-00 00:00:00', NULL),
(207, 'P-00206', 'Downy Concentrado 800ml', '7590002040003', 1.000, 0.000, 50.000, '26', '32', '2025-02-07', '2025-02-07-11-01-11__', 10, 16, '2025-02-07 11:01:11', '0000-00-00 00:00:00', NULL),
(208, 'P-00208', 'Suavitel Fresca Primavera 850ml', '7509546680293', 5.000, 0.000, 50.000, '22', '29', '2025-02-07', '2025-02-07-11-07-06__', 10, 16, '2025-02-07 11:07:06', '0000-00-00 00:00:00', NULL),
(209, 'P-00208', 'shampoo savile keratina 700ml', '7506306249240', 4.000, 0.000, 50.000, '33', '40', '2025-02-07', '2025-02-07-11-07-35__', 10, 11, '2025-02-07 11:07:35', '0000-00-00 00:00:00', NULL),
(210, 'P-00210', 'shampoo savile colageno700ml', '7506306249233', 4.000, 0.000, 50.000, '33', '40', '2025-02-07', '2025-02-07-11-08-32__', 10, 11, '2025-02-07 11:08:32', '0000-00-00 00:00:00', NULL),
(211, 'P-00211', 'shampoo savile aguacate750ml', '7506192501019', 2.000, 0.000, 50.000, '33', '40', '2025-02-07', '2025-02-07-11-10-30__', 10, 11, '2025-02-07 11:10:30', '0000-00-00 00:00:00', NULL),
(212, 'P-00211', 'Cloralex  950ml', '75000615', 1.000, 0.000, 50.000, '14', '19', '2025-02-07', '2025-02-07-11-10-35__', 10, 16, '2025-02-07 11:10:35', '0000-00-00 00:00:00', NULL),
(213, 'P-00212', 'shampoo savile miel 700ml', '7506306249202', 4.000, 0.000, 50.000, '33', '40', '2025-02-07', '2025-02-07-11-11-21__', 10, 11, '2025-02-07 11:11:21', '0000-00-00 00:00:00', NULL),
(214, 'P-00214', 'shampoo savile savila 700ml', '7506306249196', 3.000, 0.000, 50.000, '33', '40', '2025-02-07', '2025-02-07-11-12-24__', 10, 11, '2025-02-07 11:12:24', '0000-00-00 00:00:00', NULL),
(215, 'P-00213', 'Clorox Ropa 930ml', '7501071902086', 4.000, 0.000, 50.000, '32', '38', '2025-02-07', '2025-02-07-11-12-54__', 10, 16, '2025-02-07 11:12:54', '0000-00-00 00:00:00', NULL),
(216, 'P-00216', 'Clorox  500ml', '7501071900112', 12.000, 0.000, 50.000, '7', '11', '2025-02-07', '2025-02-07-11-15-22__', 10, 16, '2025-02-07 11:15:22', '0000-00-00 00:00:00', NULL),
(217, 'P-00217', 'Clorox 930ml', '7501071900129', 6.000, 0.000, 50.000, '15', '19', '2025-02-07', '2025-02-07-11-17-00__', 10, 16, '2025-02-07 11:17:00', '0000-00-00 00:00:00', NULL),
(218, 'P-00218', 'Los Patitos Cloro 500ml ', '7501268200032', 7.000, 0.000, 50.000, '7', '11', '2025-02-07', '2025-02-07-11-19-42__', 10, 16, '2025-02-07 11:19:42', '0000-00-00 00:00:00', NULL),
(219, 'P-00215', 'kola loka 2g', '7501102610003', 10.000, 0.000, 50.000, '22', '28', '2025-02-07', '2025-02-07-11-20-11__', 10, 11, '2025-02-07 11:20:11', '0000-00-00 00:00:00', NULL),
(220, 'P-00220', 'jabon dove 90g', '7506306246652', 9.000, 0.000, 50.000, '15', '20', '2025-02-07', '2025-02-07-11-21-29__', 10, 11, '2025-02-07 11:21:29', '0000-00-00 00:00:00', NULL),
(221, 'P-00220', 'Los Patitos Cloro 1 Litro ', '7501268200025', 9.000, 0.000, 50.000, '11', '16', '2025-02-07', '2025-02-07-11-22-00__', 10, 16, '2025-02-07 11:22:00', '0000-00-00 00:00:00', NULL),
(222, 'P-00222', 'Ensueño Frescura Primavera 850ml', '7501025413002', 3.000, 0.000, 50.000, '21', '27', '2025-02-07', '2025-02-07-11-24-53__', 10, 16, '2025-02-07 11:24:53', '0000-00-00 00:00:00', NULL),
(223, 'P-00223', 'Ensueño Rocio De Violetas 850ml', '7501025414054', 2.000, 0.000, 50.000, '22', '27', '2025-02-07', '2025-02-07-11-28-07__', 10, 16, '2025-02-07 11:28:07', '0000-00-00 00:00:00', NULL),
(224, 'P-00224', 'Ensueño Pepino 850ml', '7501025414450', 1.000, 0.000, 50.000, '21', '27', '2025-02-07', '2025-02-07-11-29-25__', 10, 16, '2025-02-07 11:29:25', '0000-00-00 00:00:00', NULL),
(225, 'P-00225', 'Suavitel Complete Amarillo 700ml', '7509546680163', 1.000, 0.000, 50.000, '22', '28', '2025-02-07', '2025-02-07-11-33-05__', 10, 16, '2025-02-07 11:33:05', '0000-00-00 00:00:00', NULL),
(226, 'P-00221', 'algodon zuum 25g', '7501020612011', 3.000, 0.000, 50.000, '9', '13', '2025-02-07', '2025-02-07-11-33-42__', 10, 11, '2025-02-07 11:33:42', '0000-00-00 00:00:00', NULL),
(227, 'P-00226', 'Suavitel Bosita Fresca Primavera 300ml', '7509546077895', 7.000, 0.000, 50.000, '12', '17', '2025-02-07', '2025-02-07-11-35-11__', 10, 16, '2025-02-07 11:35:11', '0000-00-00 00:00:00', NULL),
(228, 'P-00228', 'Mas Oscuros Intensos 415ml', '7501199412931', 2.000, 0.000, 50.000, '22', '27', '2025-02-07', '2025-02-07-11-37-26__', 10, 16, '2025-02-07 11:37:26', '0000-00-00 00:00:00', NULL),
(229, 'P-00229', 'jabon zets aqua 135g', '7506306245990', 5.000, 0.000, 50.000, '15', '20', '2025-02-07', '2025-02-07-11-49-34__', 10, 11, '2025-02-07 11:49:34', '0000-00-00 00:00:00', NULL),
(230, 'P-00230', 'zets pepino 135g', '7506306246010', 4.000, 0.000, 50.000, '15', '20', '2025-02-07', '2025-02-07-11-50-29__', 10, 11, '2025-02-07 11:50:29', '0000-00-00 00:00:00', NULL),
(231, 'P-00231', 'palmolive lavanda 120g', '7509546682280', 4.000, 0.000, 50.000, '15', '20', '2025-02-07', '2025-02-07-11-51-28__', 10, 11, '2025-02-07 11:51:28', '0000-00-00 00:00:00', NULL),
(232, 'P-00232', 'palmolive frutas120g', '7509546682334', 1.000, 0.000, 50.000, '15', '20', '2025-02-07', '2025-02-07-11-52-12__', 10, 11, '2025-02-07 11:52:12', '0000-00-00 00:00:00', NULL),
(233, 'P-00229', 'Mas Color Cuidado y Renovacion 830ml', '7501199413280', 2.000, 0.000, 50.000, '38', '43', '2025-02-07', '2025-02-07-11-52-12__', 10, 16, '2025-02-07 11:52:12', '0000-00-00 00:00:00', NULL),
(234, 'P-00234', 'escudo  neutro150g', '7506425606900', 1.000, 0.000, 50.000, '15', '20', '2025-02-07', '2025-02-07-11-53-40__', 10, 11, '2025-02-07 11:53:40', '0000-00-00 00:00:00', NULL),
(235, 'P-00235', 'escudo sabila 160g', '7501943489042', 4.000, 0.000, 50.000, '15', '20', '2025-02-07', '2025-02-07-11-54-16__', 10, 11, '2025-02-07 11:54:16', '0000-00-00 00:00:00', NULL),
(236, 'P-00236', 'colgate total clean mint 50ml', '7509546007083', 5.000, 0.000, 50.000, '20', '26', '2025-02-07', '2025-02-07-11-58-48__', 10, 11, '2025-02-07 11:58:48', '0000-00-00 00:00:00', NULL),
(237, 'P-00236', 'Los Patitos Limpiador Lavanda 1Litro ', '7501268200247', 1.000, 0.000, 50.000, '15', '18', '2025-02-07', '2025-02-07-11-59-37__', 10, 16, '2025-02-07 11:59:37', '0000-00-00 00:00:00', NULL),
(238, 'P-00237', 'colgate total prevencion 50ml', '7509546007083', 3.000, 0.000, 50.000, '20', '26', '2025-02-07', '2025-02-07-11-59-50__', 10, 11, '2025-02-07 11:59:50', '0000-00-00 00:00:00', NULL),
(239, 'P-00239', 'colgate triple accion 100ml', '7509546000343', 1.000, 0.000, 5.000, '35', '42', '2025-02-07', '2025-02-07-12-01-19__', 10, 11, '2025-02-07 12:01:19', '0000-00-00 00:00:00', NULL),
(240, 'P-00239', 'Los Patitos Limpiador Frutal 1 Litro ', '7501268200346', 1.000, 0.000, 50.000, '15', '18', '2025-02-07', '2025-02-07-12-01-44__', 10, 16, '2025-02-07 12:01:44', '0000-00-00 00:00:00', NULL),
(241, 'P-00240', 'colgate triple accion 75ml', '7509546000985', 2.000, 0.000, 50.000, '20', '26', '2025-02-07', '2025-02-07-12-02-02__', 10, 11, '2025-02-07 12:02:02', '0000-00-00 00:00:00', NULL),
(242, 'P-00241', 'Los Patitos Limpiador Amanecer 1 Litro ', '7501268200223', 2.000, 0.000, 50.000, '15', '18', '2025-02-07', '2025-02-07-12-03-16__', 10, 16, '2025-02-07 12:03:16', '0000-00-00 00:00:00', NULL),
(243, 'P-00242', 'colgate complete 100ml', '7501006733907', 20.000, 0.000, 50.000, '30', '42', '2025-02-07', '2025-02-07-12-04-07__', 10, 11, '2025-02-07 12:04:07', '0000-00-00 00:00:00', NULL),
(244, 'P-00243', 'Los Patitos Limpiador  Naranja 1 Litro ', '7501268200230', 1.000, 0.000, 50.000, '15', '18', '2025-02-07', '2025-02-07-12-04-55__', 10, 16, '2025-02-07 12:04:55', '0000-00-00 00:00:00', NULL),
(245, 'P-00244', 'gel xtreme 250g', '7503002163023', 8.000, 0.000, 50.000, '23', '28', '2025-02-07', '2025-02-07-12-05-59__', 10, 11, '2025-02-07 12:05:59', '0000-00-00 00:00:00', NULL),
(246, 'P-00245', 'Los Patitos Limpiador Manzana 1 Litro ', '7501268200414', 2.000, 0.000, 50.000, '15', '18', '2025-02-07', '2025-02-07-12-06-41__', 10, 16, '2025-02-07 12:06:41', '0000-00-00 00:00:00', NULL),
(247, 'P-00247', 'gel ego 200ml', '7506192503358', 9.000, 0.000, 50.000, '13', '18', '2025-02-07', '2025-02-07-12-07-39__', 10, 11, '2025-02-07 12:07:39', '0000-00-00 00:00:00', NULL),
(248, 'P-00247', 'Los Patitos Limpiador BEBE 1 Litro ', '7501268200377', 2.000, 0.000, 50.000, '16', '19', '2025-02-07', '2025-02-07-12-08-37__', 10, 16, '2025-02-07 12:08:37', '0000-00-00 00:00:00', NULL),
(249, 'P-00248', 'always suave 3x 8 pza', '7506195178188', 6.000, 0.000, 506.000, '23', '28', '2025-02-07', '2025-02-07-12-12-06__', 10, 11, '2025-02-07 12:12:06', '0000-00-00 00:00:00', NULL),
(250, 'P-00249', 'Jabon Zote Rosa 400g', '7501026005671', 3.000, 0.000, 50.000, '20', '25', '2025-02-07', '2025-02-07-12-13-22__', 10, 16, '2025-02-07 12:13:22', '2025-02-07 12:31:37', NULL),
(251, 'P-00250', 'naturella nocturna 8pza', '7506339394719', 5.000, 0.000, 50.000, '20', '25', '2025-02-07', '2025-02-07-12-13-32__', 10, 11, '2025-02-07 12:13:32', '0000-00-00 00:00:00', NULL),
(252, 'P-00252', 'Jabon Zote Rosa 100g ', '7501026005985', 6.000, 0.000, 50.000, '5', '10', '2025-02-07', '2025-02-07-12-14-58__', 10, 16, '2025-02-07 12:14:58', '2025-02-07 12:32:01', NULL),
(253, 'P-00252', 'naturella con alas 8pza', '7506309895208', 7.000, 0.000, 50.000, '13', '19', '2025-02-07', '2025-02-07-12-15-00__', 10, 11, '2025-02-07 12:15:00', '0000-00-00 00:00:00', NULL),
(254, 'P-00254', 'naturella regular 8pza', '7506195158739', 3.000, 0.000, 50.000, '15', '19', '2025-02-07', '2025-02-07-12-16-09__', 10, 11, '2025-02-07 12:16:09', '0000-00-00 00:00:00', NULL),
(255, 'P-00254', 'Jabon Roma 250g ', '7501026004629', 2.000, 0.000, 50.000, '8', '12', '2025-02-07', '2025-02-07-12-16-30__', 10, 16, '2025-02-07 12:16:30', '2025-02-07 12:33:05', NULL),
(256, 'P-00256', 'kotex regular 10pza', '7501943424562', 1.000, 0.000, 50.000, '15', '25', '2025-02-07', '2025-02-07-12-17-32__', 10, 11, '2025-02-07 12:17:32', '0000-00-00 00:00:00', NULL),
(257, 'P-00256', 'Jabon Foca 250g ', '7501026026577', 1.000, 0.000, 50.000, '8', '12', '2025-02-07', '2025-02-07-12-17-55__', 10, 16, '2025-02-07 12:17:55', '2025-02-07 12:33:51', NULL),
(258, 'P-00257', 'saba pantiprotector 16pza', '7501019068416', 1.000, 0.000, 50.000, '10', '16', '2025-02-07', '2025-02-07-12-18-41__', 10, 11, '2025-02-07 12:18:41', '0000-00-00 00:00:00', NULL),
(259, 'P-00258', 'Jabon Blanca Nieves 250g ', '7501026027550', 6.000, 0.000, 50.000, '8', '12', '2025-02-07', '2025-02-07-12-19-10__', 10, 16, '2025-02-07 12:19:10', '2025-02-07 12:34:31', NULL),
(260, 'P-00259', 'kotex unika nocturna 10pza', '7501943494220', 1.000, 1.000, 50.000, '20', '28', '2025-02-07', '2025-02-07-12-19-58__', 10, 11, '2025-02-07 12:19:58', '0000-00-00 00:00:00', NULL),
(261, 'P-00261', 'saba invisible 7pza', '7501019032868', 4.000, 0.000, 50.000, '10', '15', '2025-02-07', '2025-02-07-12-20-53__', 10, 11, '2025-02-07 12:20:53', '0000-00-00 00:00:00', NULL),
(262, 'P-00260', 'Jabon Ariel 250g', '7501065908841', 9.000, 0.000, 50.000, '11', '16', '2025-02-07', '2025-02-07-12-22-04__', 10, 16, '2025-02-07 12:22:04', '2025-02-07 12:35:23', NULL),
(263, 'P-00262', 'kotex panti largos 28 pza', '7506425631230', 1.000, 1.000, 50.000, '30', '36', '2025-02-07', '2025-02-07-12-22-09__', 10, 11, '2025-02-07 12:22:09', '0000-00-00 00:00:00', NULL),
(264, 'P-00264', 'kotex naturals nocturna 10pza', '7501943421141', 5.000, 0.000, 50.000, '20', '28', '2025-02-07', '2025-02-07-12-23-38__', 10, 11, '2025-02-07 12:23:38', '0000-00-00 00:00:00', NULL),
(265, 'P-00264', 'Jabon  Ariel  500g ', '7501007455730', 6.000, 0.000, 50.000, '22', '26', '2025-02-07', '2025-02-07-12-24-17__', 10, 16, '2025-02-07 12:24:17', '2025-02-07 12:35:45', NULL),
(266, 'P-00265', 'saba nocturna 6pza', '7501019058851', 7.000, 1.000, 50.000, '15', '20', '2025-02-07', '2025-02-07-12-24-53__', 10, 11, '2025-02-07 12:24:53', '0000-00-00 00:00:00', NULL),
(267, 'P-00266', 'Jabon Ace 250g', '7501006705942', 1.000, 0.000, 50.000, '11', '15', '2025-02-07', '2025-02-07-12-25-34__', 10, 16, '2025-02-07 12:25:34', '2025-02-07 12:36:14', NULL);
INSERT INTO `tb_almacen` (`id_producto`, `codigo`, `nombre`, `descripcion`, `stock`, `stock_minimo`, `stock_maximo`, `precio_compra`, `precio_venta`, `fecha_ingreso`, `imagen`, `id_usuario`, `id_categoria`, `fyh_creacion`, `fyh_actualizacion`, `id_tienda`) VALUES
(268, 'P-00268', 'Jabon Ace 500g ', '7501007445557', 3.000, 0.000, 50.000, '23', '27', '2025-02-07', '2025-02-07-12-30-40__', 10, 18, '2025-02-07 12:30:40', '0000-00-00 00:00:00', NULL),
(269, 'P-00268', 'L&M 14pza', '75022266', 1.000, 0.000, 100.000, '1', '30', '2025-02-07', '2025-02-07-12-32-16__', 10, 21, '2025-02-07 12:32:16', '0000-00-00 00:00:00', NULL),
(270, 'P-00270', 'l&m 25pza', '75005481', 3.000, 0.000, 100.000, '1', '52', '2025-02-07', '2025-02-07-12-33-26__', 10, 21, '2025-02-07 12:33:26', '0000-00-00 00:00:00', NULL),
(271, 'P-00271', ' montana shots 25 blanco ', '75064754', 6.000, 0.000, 100.000, '62', '72', '2025-02-07', '2025-02-07-12-34-29__', 10, 21, '2025-02-07 12:34:29', '0000-00-00 00:00:00', NULL),
(272, 'P-00272', 'link rojo 20pza', '7503040150115', 4.000, 0.000, 100.000, '24', '35', '2025-02-07', '2025-02-07-12-35-39__', 10, 21, '2025-02-07 12:35:39', '0000-00-00 00:00:00', NULL),
(273, 'P-00273', 'faros 25pza', '75006280', 5.000, 0.000, 100.000, '1', '50', '2025-02-07', '2025-02-07-12-36-27__', 10, 21, '2025-02-07 12:36:27', '0000-00-00 00:00:00', NULL),
(274, 'P-00274', 'montana shots 20 clasico', '75076740', 8.000, 0.000, 100.000, '32', '45', '2025-02-07', '2025-02-07-12-39-00__', 10, 21, '2025-02-07 12:39:00', '0000-00-00 00:00:00', NULL),
(275, 'P-00274', 'Salvo Limon en Polvo 250g ', '7501001130664', 5.000, 0.000, 50.000, '9', '13', '2025-02-07', '2025-02-07-12-39-51__', 10, 16, '2025-02-07 12:39:51', '0000-00-00 00:00:00', NULL),
(276, 'P-00275', 'montana shots 15 blanco', '75064747', 4.000, 0.000, 100.000, '43', '50', '2025-02-07', '2025-02-07-12-40-07__', 10, 1, '2025-02-07 12:40:07', '0000-00-00 00:00:00', NULL),
(277, 'P-00277', 'montana shots 14 clasico', '75076405', 9.000, 0.000, 100.000, '23', '32', '2025-02-07', '2025-02-07-12-41-00__', 10, 21, '2025-02-07 12:41:00', '0000-00-00 00:00:00', NULL),
(278, 'P-00276', 'Salvo Limon en Polvo 500g', '7501001130657', 2.000, 0.000, 50.000, '24', '28', '2025-02-07', '2025-02-07-12-42-05__', 10, 17, '2025-02-07 12:42:05', '0000-00-00 00:00:00', NULL),
(279, 'P-00278', 'montana 25pza economico', '75082239', 1.000, 0.000, 100.000, '1', '40', '2025-02-07', '2025-02-07-12-42-26__', 10, 21, '2025-02-07 12:42:26', '0000-00-00 00:00:00', NULL),
(280, 'P-00279', 'Salvo Liquido 300ml ', '7506195196984', 2.000, 0.000, 50.000, '16', '21', '2025-02-07', '2025-02-07-12-43-28__', 10, 16, '2025-02-07 12:43:28', '0000-00-00 00:00:00', NULL),
(281, 'P-00280', 'winstong oasis 20pza', '7503023959438', 1.000, 1.000, 100.000, '1', '50', '2025-02-07', '2025-02-07-12-44-13__', 10, 21, '2025-02-07 12:44:13', '0000-00-00 00:00:00', NULL),
(282, 'P-00282', 'winstong max fresh 20pza', '7503023959568', 3.000, 1.000, 100.000, '1', '50', '2025-02-07', '2025-02-07-12-44-59__', 10, 11, '2025-02-07 12:44:59', '0000-00-00 00:00:00', NULL),
(283, 'P-00281', 'Salvo Liquido 500ml', '7500435108256', 3.000, 0.000, 50.000, '23', '30', '2025-02-07', '2025-02-07-12-45-43__', 10, 16, '2025-02-07 12:45:43', '0000-00-00 00:00:00', NULL),
(284, 'P-00283', 'camel tropical 20pza', '7503023959629', 1.000, 0.000, 100.000, '60', '73', '2025-02-07', '2025-02-07-12-46-06__', 10, 21, '2025-02-07 12:46:06', '0000-00-00 00:00:00', NULL),
(285, 'P-00285', 'camel activa max 20pza', '7503023959506', 3.000, 0.000, 100.000, '60', '73', '2025-02-07', '2025-02-07-12-47-02__', 10, 21, '2025-02-07 12:47:02', '0000-00-00 00:00:00', NULL),
(286, 'P-00286', 'camel activa 20pza', '7503023959131', 2.000, 0.000, 100.000, '1', '60', '2025-02-07', '2025-02-07-12-47-58__', 10, 21, '2025-02-07 12:47:58', '0000-00-00 00:00:00', NULL),
(287, 'P-00284', 'Jabon Roma 500g ', '7501026004612', 2.000, 0.000, 50.000, '21', '24', '2025-02-07', '2025-02-07-12-48-01__', 10, 16, '2025-02-07 12:48:01', '0000-00-00 00:00:00', NULL),
(288, 'P-00288', 'malboro ice mix 20pza', '75063801', 5.000, 0.000, 100.000, '1', '73', '2025-02-07', '2025-02-07-12-49-24__', 10, 21, '2025-02-07 12:49:24', '0000-00-00 00:00:00', NULL),
(289, 'P-00289', 'malboro mega ice xpress 20pza', '75031053', 1.000, 0.000, 100.000, '1', '73', '2025-02-07', '2025-02-07-12-50-09__', 10, 21, '2025-02-07 12:50:09', '0000-00-00 00:00:00', NULL),
(290, 'P-00288', 'Salvo Multiusos 250g', '7500435161008', 1.000, 0.000, 50.000, '10', '13', '2025-02-07', '2025-02-07-12-51-05__', 10, 16, '2025-02-07 12:51:05', '0000-00-00 00:00:00', NULL),
(291, 'P-00290', 'malboro 100 20pza', '75021597', 5.000, 1.000, 100.000, '65', '85', '2025-02-07', '2025-02-07-12-52-28__', 10, 7, '2025-02-07 12:52:28', '0000-00-00 00:00:00', NULL),
(292, 'P-00292', 'malboro rojo 20pza', '75001322', -4.000, 1.000, 100.000, '67', '85', '2025-02-07', '2025-02-07-12-53-30__', 10, 1, '2025-02-07 12:53:30', '0000-00-00 00:00:00', NULL),
(293, 'P-00291', 'Salvo Multiusos 500g', '7500435160902', 13.000, 0.000, 50.000, '20', '24', '2025-02-07', '2025-02-07-12-54-29__', 10, 16, '2025-02-07 12:54:29', '0000-00-00 00:00:00', NULL),
(294, 'P-00293', 'malboro crafted 15 pza', '75019587', 8.000, 1.000, 100.000, '1', '55', '2025-02-07', '2025-02-07-12-55-18__', 10, 21, '2025-02-07 12:55:18', '0000-00-00 00:00:00', NULL),
(295, 'P-00294', 'Jabon Blanca Nieves 500g', '7501026027543', 7.000, 0.000, 50.000, '22', '25', '2025-02-07', '2025-02-07-12-56-11__', 10, 16, '2025-02-07 12:56:11', '0000-00-00 00:00:00', NULL),
(296, 'P-00295', 'malboro crafted 25pza', '75066413', 8.000, 1.000, 100.000, '54', '78', '2025-02-07', '2025-02-07-12-56-18__', 10, 21, '2025-02-07 12:56:18', '0000-00-00 00:00:00', NULL),
(297, 'P-00296', 'Jabon Roma 1 Kilo', '7501026004605', 4.000, 0.000, 50.000, '35', '42', '2025-02-07', '2025-02-07-12-58-08__', 10, 16, '2025-02-07 12:58:08', '0000-00-00 00:00:00', NULL),
(298, 'P-00298', 'Jabon Blanca Nieves 1 Kilo', '7501026027536', 4.000, 0.000, 50.000, '39', '45', '2025-02-07', '2025-02-07-01-00-36__', 10, 16, '2025-02-07 13:00:36', '0000-00-00 00:00:00', NULL),
(299, 'P-00299', 'malboro velvet 20', '', 1.000, 1.000, 100.000, '65', '78', '2025-02-07', '2025-02-07-01-03-26__', 10, 21, '2025-02-07 13:03:26', '0000-00-00 00:00:00', NULL),
(300, 'P-00299', 'Jabon  Foca 1 Kg', '7501026026546', 7.000, 0.000, 50.000, '41', '46', '2025-02-07', '2025-02-07-01-03-33__', 10, 16, '2025-02-07 13:03:33', '0000-00-00 00:00:00', NULL),
(301, 'P-00300', 'malboro tropical shuffle 20pza', '75001445', 1.000, 0.000, 100.000, '1', '68', '2025-02-07', '2025-02-07-01-04-32__', 10, 21, '2025-02-07 13:04:32', '0000-00-00 00:00:00', NULL),
(302, 'P-00302', 'malboro clavo 20pza', '75044916', 1.000, 0.000, 100.000, '1', '87', '2025-02-07', '2025-02-07-01-05-38__', 10, 21, '2025-02-07 13:05:38', '0000-00-00 00:00:00', NULL),
(303, 'P-00301', 'Jabon Ace 900g ', '7500435018791', 4.000, 0.000, 50.000, '35', '40', '2025-02-07', '2025-02-07-01-05-40__', 10, 16, '2025-02-07 13:05:40', '0000-00-00 00:00:00', NULL),
(304, 'P-00304', 'malboro guayaba  20pza', '75019006', 1.000, 0.000, 100.000, '1', '78', '2025-02-07', '2025-02-07-01-06-53__', 10, 21, '2025-02-07 13:06:53', '0000-00-00 00:00:00', NULL),
(305, 'P-00304', 'Jabon Persil 900g ', '7501199406671', 1.000, 0.000, 50.000, '36', '41', '2025-02-07', '2025-02-07-01-07-26__', 10, 16, '2025-02-07 13:07:26', '0000-00-00 00:00:00', NULL),
(306, 'P-00305', 'malboro pepino 20pza', '75001360', 2.000, 0.000, 100.000, '55', '78', '2025-02-07', '2025-02-07-01-08-02__', 10, 21, '2025-02-07 13:08:02', '0000-00-00 00:00:00', NULL),
(307, 'P-00307', 'pall mall bora bora 20pza', '75079017', 1.000, 0.000, 100.000, '1', '70', '2025-02-07', '2025-02-07-01-09-12__', 10, 21, '2025-02-07 13:09:12', '0000-00-00 00:00:00', NULL),
(308, 'P-00308', 'pall mall pepino 20pza', '75064648', 5.000, 0.000, 100.000, '64', '78', '2025-02-07', '2025-02-07-01-11-58__', 10, 21, '2025-02-07 13:11:58', '0000-00-00 00:00:00', NULL),
(309, 'P-00309', 'pall mall manzana 20pza', '75068363', 1.000, 0.000, 100.000, '62', '78', '2025-02-07', '2025-02-07-01-13-24__', 10, 21, '2025-02-07 13:13:24', '0000-00-00 00:00:00', NULL),
(310, 'P-00307', 'Sobre NutriBela 24g+', '7506192509237', 5.000, 0.000, 50.000, '3', '6', '2025-02-07', '2025-02-07-01-14-06__', 10, 11, '2025-02-07 13:14:06', '0000-00-00 00:00:00', NULL),
(311, 'P-00310', 'pall mall alaska', '75071295', 5.000, 0.000, 100.000, '64', '78', '2025-02-07', '2025-02-07-01-14-36__', 10, 21, '2025-02-07 13:14:36', '0000-00-00 00:00:00', NULL),
(312, 'P-00312', 'pall mall tokyo 25pza', '75052836', 5.000, 0.000, 100.000, '64', '78', '2025-02-07', '2025-02-07-01-15-33__', 10, 21, '2025-02-07 13:15:33', '2025-02-07 13:45:51', NULL),
(313, 'P-00313', 'pall mall chicle 20pza', '75070090', 1.000, 0.000, 100.000, '64', '78', '2025-02-07', '2025-02-07-01-16-34__', 10, 21, '2025-02-07 13:16:34', '0000-00-00 00:00:00', NULL),
(314, 'P-00312', 'Sobre Savile Sabila 20ml', '7506306250833', 12.000, 0.000, 50.000, '3', '5', '2025-02-07', '2025-02-07-01-16-49__', 10, 11, '2025-02-07 13:16:49', '0000-00-00 00:00:00', NULL),
(315, 'P-00315', 'pall mall osaka 20pza', '75080518', 3.000, 1.000, 100.000, '1', '50', '2025-02-07', '2025-02-07-01-17-56__', 10, 21, '2025-02-07 13:17:56', '0000-00-00 00:00:00', NULL),
(316, 'P-00315', 'Sobre Savile Keratina 20ml', '7506306249080', 28.000, 0.000, 50.000, '2', '3', '2025-02-07', '2025-02-07-01-21-02__', 10, 11, '2025-02-07 13:21:02', '2025-02-07 13:22:02', NULL),
(317, 'P-00317', 'Sobre Head y Shoulders 10ml', '7590002008898', 18.000, 0.000, 50.000, '1', '3', '2025-02-07', '2025-02-07-01-25-01__', 10, 11, '2025-02-07 13:25:01', '0000-00-00 00:00:00', NULL),
(318, 'P-00318', 'Sobre Sedal Rizos 10ml', '7506306248441', 19.000, 0.000, 50.000, '1', '3', '2025-02-07', '2025-02-07-01-27-21__', 10, 11, '2025-02-07 13:27:21', '0000-00-00 00:00:00', NULL),
(319, 'P-00318', 'chips sal 170g', '7501000266203', 1.000, 0.000, 100.000, '42', '54', '2025-02-07', '2025-02-07-01-28-20__', 10, 22, '2025-02-07 13:28:20', '0000-00-00 00:00:00', NULL),
(320, 'P-00320', 'chips fuego 170g', '757528001889', 1.000, 0.000, 100.000, '40', '54', '2025-02-07', '2025-02-07-01-29-16__', 10, 22, '2025-02-07 13:29:16', '0000-00-00 00:00:00', NULL),
(321, 'P-00321', 'big mix fuego 80g', '7500810013199', 4.000, 0.000, 100.000, '14', '18', '2025-02-07', '2025-02-07-01-30-16__', 10, 22, '2025-02-07 13:30:16', '0000-00-00 00:00:00', NULL),
(322, 'P-00319', 'Sobre Sedal co-creations 10ml', '75055790', 13.000, 0.000, 50.000, '1', '3', '2025-02-07', '2025-02-07-01-30-34__', 10, 11, '2025-02-07 13:30:34', '0000-00-00 00:00:00', NULL),
(323, 'P-00322', 'big mix queso 80g', '7500810013182', -5.000, 0.000, 100.000, '14', '18', '2025-02-07', '2025-02-07-01-31-08__', 10, 1, '2025-02-07 13:31:08', '0000-00-00 00:00:00', NULL),
(324, 'P-00324', 'big mix salsa inglesa 80g', '7500810013205', 4.000, 0.000, 100.000, '14', '18', '2025-02-07', '2025-02-07-01-32-22__', 10, 22, '2025-02-07 13:32:22', '0000-00-00 00:00:00', NULL),
(325, 'P-00325', 'chicharron cerdo 30g', '7503030199728', 4.000, 0.000, 100.000, '10', '12', '2025-02-07', '2025-02-07-01-33-53__', 10, 1, '2025-02-07 13:33:53', '0000-00-00 00:00:00', NULL),
(326, 'P-00326', 'wapas queso 52g', '7500810020975', 4.000, 0.000, 100.000, '12', '15', '2025-02-07', '2025-02-07-01-35-12__', 10, 1, '2025-02-07 13:35:12', '0000-00-00 00:00:00', NULL),
(327, 'P-00324', 'Sobre Pantene', '7500435232531', 6.000, 0.000, 50.000, '5', '10', '2025-02-07', '2025-02-07-01-35-36__', 10, 11, '2025-02-07 13:35:36', '0000-00-00 00:00:00', NULL),
(328, 'P-00328', 'chips fuego 62g', '7500810024546', 2.000, 0.000, 100.000, '16', '20', '2025-02-07', '2025-02-07-01-37-46__', 10, 22, '2025-02-07 13:37:46', '0000-00-00 00:00:00', NULL),
(329, 'P-00329', 'chips jalapeño 62g', '7500810024553', 4.000, 0.000, 100.000, '16', '20', '2025-02-07', '2025-02-07-01-38-54__', 10, 22, '2025-02-07 13:38:54', '0000-00-00 00:00:00', NULL),
(330, 'P-00330', 'chips sal 62g', '7500810024560', 2.000, 0.000, 100.000, '16', '20', '2025-02-07', '2025-02-07-01-39-35__', 10, 22, '2025-02-07 13:39:35', '0000-00-00 00:00:00', NULL),
(331, 'P-00331', 'Sobre Blanquea', '7501016801320', 2.000, 0.000, 50.000, '6', '9', '2025-02-07', '2025-02-07-01-42-37__', 10, 16, '2025-02-07 13:42:37', '0000-00-00 00:00:00', NULL),
(332, 'P-00332', 'toreada habanero 45g', '7500810027813', 4.000, 0.000, 100.000, '10', '15', '2025-02-07', '2025-02-07-01-45-33__', 10, 22, '2025-02-07 13:45:33', '0000-00-00 00:00:00', NULL),
(333, 'P-00333', 'barcel adobo mexicano 45g', '7500810027752', 2.000, 0.000, 100.000, '10', '15', '2025-02-07', '2025-02-07-01-47-22__', 10, 22, '2025-02-07 13:47:22', '0000-00-00 00:00:00', NULL),
(334, 'P-00332', 'Papel Encerado 10m', '010900003216', 4.000, 0.000, 50.000, '29', '36', '2025-02-07', '2025-02-07-01-47-31__', 10, 23, '2025-02-07 13:47:31', '0000-00-00 00:00:00', NULL),
(335, 'P-00334', 'barcel sal de mesa 45g', '7500810027790', 4.000, 0.000, 100.000, '10', '15', '2025-02-07', '2025-02-07-01-48-35__', 10, 22, '2025-02-07 13:48:35', '0000-00-00 00:00:00', NULL),
(336, 'P-00336', 'chipotles 65g', '7500810027646', 4.000, 1.000, 100.000, '12', '15', '2025-02-07', '2025-02-07-01-49-18__', 10, 22, '2025-02-07 13:49:18', '0000-00-00 00:00:00', NULL),
(337, 'P-00335', 'Aluminio Alupractik 10', '7503009924092', 3.000, 0.000, 50.000, '16', '20', '2025-02-07', '2025-02-07-01-49-38__', 10, 23, '2025-02-07 13:49:38', '0000-00-00 00:00:00', NULL),
(338, 'P-00338', 'papatinas 31g', '7500810012277', 1.000, 0.000, 100.000, '10', '15', '2025-02-07', '2025-02-07-01-50-22__', 10, 22, '2025-02-07 13:50:22', '0000-00-00 00:00:00', NULL),
(339, 'P-00339', 'valentones 175g', '7500810016930', 1.000, 0.000, 100.000, '23', '30', '2025-02-07', '2025-02-07-01-51-58__', 10, 1, '2025-02-07 13:51:58', '0000-00-00 00:00:00', NULL),
(340, 'P-00340', 'zapata 45g', '7500464067906', 1.000, 0.000, 100.000, '7', '10', '2025-02-07', '2025-02-07-01-54-41__', 10, 10, '2025-02-07 13:54:41', '0000-00-00 00:00:00', NULL),
(341, 'P-00341', 'churros charly chipotle 100g', '7503020760006', 5.000, 0.000, 100.000, '11', '15', '2025-02-07', '2025-02-07-01-56-55__', 10, 10, '2025-02-07 13:56:55', '0000-00-00 00:00:00', NULL),
(342, 'P-00342', 'churoos charly limon y sal 100g', '7503020760020', 3.000, 0.000, 100.000, '11', '15', '2025-02-07', '2025-02-07-01-58-02__', 10, 10, '2025-02-07 13:58:02', '0000-00-00 00:00:00', NULL),
(343, 'P-00343', 'palomitas pop karameladas 45g', '7500810005040', 4.000, 0.000, 100.000, '8', '10', '2025-02-07', '2025-02-07-01-59-21__', 10, 22, '2025-02-07 13:59:21', '0000-00-00 00:00:00', NULL),
(344, 'P-00339', 'Cubiertos Medianos Fun Fun 25pz', '7503008370333', 5.000, 0.000, 50.000, '10', '14', '2025-02-07', '2025-02-07-01-59-50__', 10, 23, '2025-02-07 13:59:50', '0000-00-00 00:00:00', NULL),
(345, 'P-00344', 'pop blue heat 45g', '7500810030042', 4.000, 0.000, 100.000, '10', '15', '2025-02-07', '2025-02-07-02-00-10__', 10, 22, '2025-02-07 14:00:10', '0000-00-00 00:00:00', NULL),
(346, 'P-00346', 'takis cobra ', '', 2.000, 0.000, 100.000, '14', '18', '2025-02-07', '2025-02-07-03-15-02__', 10, 22, '2025-02-07 15:15:02', '0000-00-00 00:00:00', NULL),
(347, 'P-00345', 'Cuchara Chica Fun Fun', '7503008370364', 8.000, 0.000, 50.000, '10', '14', '2025-02-07', '2025-02-07-03-17-16__', 10, 23, '2025-02-07 15:17:16', '0000-00-00 00:00:00', NULL),
(348, 'P-00347', 'takis huakamoles 70g', '7500810000489', 6.000, 0.000, 100.000, '14', '18', '2025-02-07', '2025-02-07-03-17-42__', 10, 22, '2025-02-07 15:17:42', '2025-02-07 15:24:29', NULL),
(349, 'P-00349', 'Cuchara Grande Fun Fun 25pz', '7503008370388', 7.000, 0.000, 50.000, '14', '17', '2025-02-07', '2025-02-07-03-21-22__', 10, 23, '2025-02-07 15:21:22', '0000-00-00 00:00:00', NULL),
(350, 'P-00350', 'takis salsa brava 70g', '7500810000502', 5.000, 0.000, 100.000, '14', '18', '2025-02-07', '2025-02-07-03-22-53__', 10, 22, '2025-02-07 15:22:53', '2025-02-07 15:24:18', NULL),
(351, 'P-00350', 'Cubiertos Grandes Fun Fun 25pz', '7502238610271', 1.000, 0.000, 50.000, '15', '18', '2025-02-07', '2025-02-07-03-24-57__', 10, 23, '2025-02-07 15:24:57', '0000-00-00 00:00:00', NULL),
(352, 'P-00351', 'takis original 70g', '7500810000441', 7.000, 0.000, 100.000, '14', '18', '2025-02-07', '2025-02-07-03-25-19__', 10, 22, '2025-02-07 15:25:19', '0000-00-00 00:00:00', NULL),
(353, 'P-00353', 'takis blue heat 70g', '7500810028353', 1.000, 0.000, 100.000, '14', '18', '2025-02-07', '2025-02-07-03-26-30__', 10, 22, '2025-02-07 15:26:30', '0000-00-00 00:00:00', NULL),
(354, 'P-00352', 'Servitoalla Petalo 160 hojas', '7506425627653', 1.000, 0.000, 50.000, '18', '21', '2025-02-07', '2025-02-07-03-27-34__', 10, 19, '2025-02-07 15:27:34', '0000-00-00 00:00:00', NULL),
(355, 'P-00355', 'runners limon y sal 7g', '7500810028599', 5.000, 0.000, 100.000, '12', '15', '2025-02-07', '2025-02-07-03-28-46__', 10, 22, '2025-02-07 15:28:46', '0000-00-00 00:00:00', NULL),
(356, 'P-00355', 'Servitoalla Elite 180 hojas', '7502247335226', 1.000, 0.000, 50.000, '25', '29', '2025-02-07', '2025-02-07-03-29-03__', 10, 19, '2025-02-07 15:29:03', '0000-00-00 00:00:00', NULL),
(357, 'P-00356', 'runners fuego 72g', '7500810027820', 3.000, 0.000, 100.000, '12', '15', '2025-02-07', '2025-02-07-03-29-49__', 10, 22, '2025-02-07 15:29:49', '0000-00-00 00:00:00', NULL),
(358, 'P-00358', 'runners blue heat 72g', '7500810028407', 7.000, 0.000, 100.000, '12', '15', '2025-02-07', '2025-02-07-03-30-53__', 10, 22, '2025-02-07 15:30:53', '0000-00-00 00:00:00', NULL),
(359, 'P-00357', 'Servilletas Marli 250pz ', '7506425610792', 3.000, 0.000, 50.000, '21', '25', '2025-02-07', '2025-02-07-03-31-14__', 10, 19, '2025-02-07 15:31:14', '0000-00-00 00:00:00', NULL),
(360, 'P-00359', 'runners chile y limon 72 g      ', '7500810027837', 5.000, 0.000, 100.000, '12', '15', '2025-02-07', '2025-02-07-03-31-53__', 10, 22, '2025-02-07 15:31:53', '0000-00-00 00:00:00', NULL),
(361, 'P-00360', 'Servilletas Petalo 100pz', '7501007704302', 5.000, 0.000, 50.000, '16', '19', '2025-02-07', '2025-02-07-03-32-53__', 10, 19, '2025-02-07 15:32:53', '0000-00-00 00:00:00', NULL),
(362, 'P-00362', 'Servilletas Vogue 100pz', '7506425602780', 7.000, 0.000, 50.000, '11', '15', '2025-02-07', '2025-02-07-03-34-39__', 10, 19, '2025-02-07 15:34:39', '0000-00-00 00:00:00', NULL),
(363, 'P-00363', 'Palillos El Panda 200 Palillos ', 'palillo', 11.000, 0.000, 50.000, '6', '10', '2025-02-07', '2025-02-07-03-37-24__', 10, 23, '2025-02-07 15:37:24', '0000-00-00 00:00:00', NULL),
(364, 'P-00364', 'papa sol extrema 100g', '7503022458734', 5.000, 0.000, 100.000, '13', '20', '2025-02-07', '2025-02-07-03-38-15__', 10, 24, '2025-02-07 15:38:15', '0000-00-00 00:00:00', NULL),
(365, 'P-00364', 'Plato Pastelero Jaguar 20pz', '752216051047', 13.000, 0.000, 50.000, '11', '16', '2025-02-07', '2025-02-07-03-39-35__', 10, 23, '2025-02-07 15:39:35', '0000-00-00 00:00:00', NULL),
(366, 'P-00365', 'papa sol jalapeño 100g', '7503022458741', 9.000, 0.000, 100.000, '13', '20', '2025-02-07', '2025-02-07-03-39-39__', 10, 24, '2025-02-07 15:39:39', '0000-00-00 00:00:00', NULL),
(367, 'P-00367', 'papa sol limon 100g', '7503022458512', 8.000, 0.000, 100.000, '13', '20', '2025-02-07', '2025-02-07-03-40-54__', 10, 24, '2025-02-07 15:40:54', '0000-00-00 00:00:00', NULL),
(368, 'P-00367', 'Plato Pastelero Convermex 20pz', '7501431243200', 4.000, 0.000, 50.000, '11', '16', '2025-02-07', '2025-02-07-03-41-27__', 10, 23, '2025-02-07 15:41:27', '0000-00-00 00:00:00', NULL),
(369, 'P-00368', 'papa sol habanero 100g', '7503022458758', 3.000, 0.000, 100.000, '13', '20', '2025-02-07', '2025-02-07-03-41-39__', 10, 24, '2025-02-07 15:41:39', '2025-02-07 15:42:04', NULL),
(370, 'P-00370', 'papa sol natural 100g', '7503020501623', 2.000, 0.000, 100.000, '13', '20', '2025-02-07', '2025-02-07-03-42-47__', 10, 24, '2025-02-07 15:42:47', '0000-00-00 00:00:00', NULL),
(371, 'P-00370', 'Plato Termico Jaguar Division 20pz ', '752216092187', 3.000, 0.000, 50.000, '17', '22', '2025-02-07', '2025-02-07-03-44-37__', 10, 23, '2025-02-07 15:44:37', '0000-00-00 00:00:00', NULL),
(372, 'P-00372', 'papa sol adobada 100g ', '7503020501661', 8.000, 0.000, 100.000, '13', '20', '2025-02-07', '2025-02-07-03-46-49__', 10, 24, '2025-02-07 15:46:49', '0000-00-00 00:00:00', NULL),
(373, 'P-00372', 'Plato  Hondo Jaguar 25pz', '752216051061', 2.000, 0.000, 50.000, '23', '29', '2025-02-07', '2025-02-07-03-46-54__', 10, 23, '2025-02-07 15:46:54', '0000-00-00 00:00:00', NULL),
(374, 'P-00374', 'papa sol  rifadita 100g', '7503020501708', 5.000, 0.000, 100.000, '13', '20', '2025-02-07', '2025-02-07-03-48-01__', 10, 24, '2025-02-07 15:48:01', '0000-00-00 00:00:00', NULL),
(375, 'P-00374', 'Plato Hondo Chico Jaguar 25pz ', '752216051030', 2.000, 0.000, 50.000, '14', '18', '2025-02-07', '2025-02-07-03-48-20__', 10, 23, '2025-02-07 15:48:20', '0000-00-00 00:00:00', NULL),
(376, 'P-00376', 'Plato Pozolero Convermex  20pz', '7501431263208', 8.000, 0.000, 50.000, '20', '25', '2025-02-07', '2025-02-07-03-50-33__', 10, 23, '2025-02-07 15:50:33', '0000-00-00 00:00:00', NULL),
(377, 'P-00376', 'tubi churritos chilymon 150g', '7503022458444', 3.000, 0.000, 100.000, '9', '15', '2025-02-07', '2025-02-07-03-51-20__', 10, 24, '2025-02-07 15:51:20', '0000-00-00 00:00:00', NULL),
(378, 'P-00377', 'Charola #66 Jaguar 50pz', '752216081044', 6.000, 0.000, 50.000, '13', '17', '2025-02-07', '2025-02-07-03-53-46__', 10, 23, '2025-02-07 15:53:46', '0000-00-00 00:00:00', NULL),
(379, 'P-00378', 'tubydedo 85g', '7503022458314', 4.000, 0.000, 100.000, '7', '12', '2025-02-07', '2025-02-07-03-54-24__', 10, 24, '2025-02-07 15:54:24', '0000-00-00 00:00:00', NULL),
(380, 'P-00379', 'Charola 66 Fun Fun 50pz', '7501431203297', 10.000, 0.000, 50.000, '23', '28', '2025-02-07', '2025-02-07-03-55-32__', 10, 23, '2025-02-07 15:55:32', '0000-00-00 00:00:00', NULL),
(381, 'P-00380', 'solchesitos queso 100g', '7503022458352', 9.000, 0.000, 100.000, '7', '13', '2025-02-07', '2025-02-07-03-56-20__', 10, 24, '2025-02-07 15:56:20', '0000-00-00 00:00:00', NULL),
(382, 'P-00382', 'solchesito extremo 100g', '7503022458529', 7.000, 0.000, 100.000, '7', '13', '2025-02-07', '2025-02-07-03-57-11__', 10, 24, '2025-02-07 15:57:11', '0000-00-00 00:00:00', NULL),
(383, 'P-00382', 'Charola 855 Fun Fun 50pz', '7501431203303', 5.000, 0.000, 50.000, '34', '39', '2025-02-07', '2025-02-07-03-57-53__', 10, 23, '2025-02-07 15:57:53', '0000-00-00 00:00:00', NULL),
(384, 'P-00383', 'top-tops salsa negra 52g', '7500366001824', 8.000, 0.000, 100.000, '7', '10', '2025-02-07', '2025-02-07-03-58-43__', 10, 10, '2025-02-07 15:58:43', '0000-00-00 00:00:00', NULL),
(385, 'P-00385', 'top-tops hot chili 52g', '7500366000797', 5.000, 0.000, 100.000, '7', '10', '2025-02-07', '2025-02-07-03-59-53__', 10, 10, '2025-02-07 15:59:53', '0000-00-00 00:00:00', NULL),
(386, 'P-00386', 'totis donitas  limon y sal 28g', '7500366000711', 10.000, 0.000, 100.000, '7', '10', '2025-02-07', '2025-02-07-04-01-09__', 10, 10, '2025-02-07 16:01:09', '0000-00-00 00:00:00', NULL),
(387, 'P-00385', 'Vaso Plastico #08 Fun Fun 50pz', '7501431204799', 15.000, 0.000, 50.000, '21', '25', '2025-02-07', '2025-02-07-04-02-09__', 10, 23, '2025-02-07 16:02:09', '0000-00-00 00:00:00', NULL),
(388, 'P-00387', 'golden nuts enchilado 78g', '7500810029053', 3.000, 0.000, 100.000, '12', '15', '2025-02-07', '2025-02-07-04-03-40__', 10, 22, '2025-02-07 16:03:40', '0000-00-00 00:00:00', NULL),
(389, 'P-00389', 'golden nuts salados 78g', '7500810029046', 2.000, 0.000, 100.000, '12', '15', '2025-02-07', '2025-02-07-04-04-28__', 10, 22, '2025-02-07 16:04:28', '0000-00-00 00:00:00', NULL),
(390, 'P-00388', 'Vaso Plastico #8 Reyma 50pz', '7502208800077', 1.000, 0.000, 50.000, '29', '37', '2025-02-07', '2025-02-07-04-04-46__', 10, 23, '2025-02-07 16:04:46', '0000-00-00 00:00:00', NULL),
(391, 'P-00390', 'hot nuts fuego 82g', '7500810008881', 2.000, 0.000, 100.000, '12', '15', '2025-02-07', '2025-02-07-04-05-53__', 10, 22, '2025-02-07 16:05:53', '0000-00-00 00:00:00', NULL),
(392, 'P-00392', 'kiyakis clasico 120g', '7500810005064', 5.000, 0.000, 100.000, '15', '20', '2025-02-07', '2025-02-07-04-06-56__', 10, 22, '2025-02-07 16:06:56', '0000-00-00 00:00:00', NULL),
(393, 'P-00393', 'Vaso Unicel 10oz Dart  25pz', '041594206607', 2.000, 0.000, 50.000, '12', '16', '2025-02-07', '2025-02-07-04-09-17__', 10, 23, '2025-02-07 16:09:17', '0000-00-00 00:00:00', NULL),
(394, 'P-00394', 'Vaso Unicel Convermex 25pz', '7501431261105', 10.000, 0.000, 50.000, '14', '19', '2025-02-07', '2025-02-07-04-11-19__', 10, 23, '2025-02-07 16:11:19', '0000-00-00 00:00:00', NULL),
(395, 'P-00394', 'marianitas coco 185g', '038629002068', 3.000, 0.000, 100.000, '11', '15', '2025-02-07', '2025-02-07-04-15-08__', 10, 25, '2025-02-07 16:15:08', '0000-00-00 00:00:00', NULL),
(396, 'P-00396', 'marianitas vainilla 185g', '038629002716', 1.000, 0.000, 100.000, '11', '15', '2025-02-07', '2025-02-07-04-15-54__', 10, 25, '2025-02-07 16:15:54', '0000-00-00 00:00:00', NULL),
(397, 'P-00397', 'marianitas naranja 185g', '038629002075', 3.000, 0.000, 100.000, '11', '15', '2025-02-07', '2025-02-07-04-16-56__', 10, 25, '2025-02-07 16:16:56', '0000-00-00 00:00:00', NULL),
(398, 'P-00398', 'marianitas chocolate 185g', '038629003225', 3.000, 0.000, 100.000, '11', '15', '2025-02-07', '2025-02-07-04-17-44__', 10, 25, '2025-02-07 16:17:44', '0000-00-00 00:00:00', NULL),
(399, 'P-00399', 'marianitas nuez 185g', '038629001702', 5.000, 0.000, 100.000, '11', '15', '2025-02-07', '2025-02-07-04-18-50__', 10, 25, '2025-02-07 16:18:50', '0000-00-00 00:00:00', NULL),
(400, 'P-00399', 'Aluminio Reynolds 9,1m', '010900199056', 3.000, 0.000, 50.000, '43', '50', '2025-02-07', '2025-02-07-04-20-28__', 10, 23, '2025-02-07 16:20:28', '0000-00-00 00:00:00', NULL),
(401, 'P-00400', 'sacate colores ', '7503005405168', 10.000, 0.000, 100.000, '11', '15', '2025-02-07', '2025-02-07-04-27-34__', 10, 11, '2025-02-07 16:27:34', '0000-00-00 00:00:00', NULL),
(402, 'P-00402', 'fibra verde ', 'fibra', 2.000, 0.000, 50.000, '14', '18', '2025-02-07', '2025-02-07-04-28-51__', 10, 25, '2025-02-07 16:28:51', '0000-00-00 00:00:00', NULL),
(403, 'P-00403', 'sacate para trastes ', '3012073128076', 5.000, 0.000, 50.000, '8', '12', '2025-02-07', '2025-02-07-04-30-09__', 10, 25, '2025-02-07 16:30:09', '0000-00-00 00:00:00', NULL),
(404, 'P-00404', 'caña de oro 600ml', '7500326957710', 11.000, 0.000, 100.000, '18', '25', '2025-02-07', '2025-02-07-04-34-59__', 10, 27, '2025-02-07 16:34:59', '0000-00-00 00:00:00', NULL),
(405, 'P-00405', 'alpura clasica 1 l', '7501055900039', 17.000, 0.000, 100.000, '26', '28', '2025-02-07', '2025-02-07-04-38-06__', 10, 25, '2025-02-07 16:38:06', '0000-00-00 00:00:00', NULL),
(406, 'P-00406', 'alpura deslactosada 1l', '7501055901425', 6.000, 0.000, 100.000, '27', '30', '2025-02-07', '2025-02-07-04-39-30__', 10, 25, '2025-02-07 16:39:30', '0000-00-00 00:00:00', NULL),
(407, 'P-00407', 'lala deslactosada 1 l', '7501020565911', 13.000, 0.000, 100.000, '27', '29', '2025-02-07', '2025-02-07-04-40-51__', 10, 25, '2025-02-07 16:40:51', '0000-00-00 00:00:00', NULL),
(408, 'P-00408', 'lala deslactosada ligt 1l', '7501020565928', 31.000, 0.000, 100.000, '28', '30', '2025-02-07', '2025-02-07-04-42-30__', 10, 25, '2025-02-07 16:42:30', '0000-00-00 00:00:00', NULL),
(409, 'P-00408', 'Chipotles Adobados San Marcos 100g ', '7501023318057', -23.000, 0.000, 50.000, '11', '16', '2025-02-07', '2025-02-07-04-43-32__', 10, 10, '2025-02-07 16:43:32', '0000-00-00 00:00:00', NULL),
(410, 'P-00409', 'lala ligth baja en grasa 1l', '7501020565942', 2.000, 0.000, 100.000, '28', '30', '2025-02-07', '2025-02-07-04-43-37__', 10, 25, '2025-02-07 16:43:37', '0000-00-00 00:00:00', NULL),
(411, 'P-00411', 'nutri clasica 1l', '7501020540666', 7.000, 0.000, 100.000, '19', '23', '2025-02-07', '2025-02-07-04-44-49__', 10, 1, '2025-02-07 16:44:49', '0000-00-00 00:00:00', NULL),
(412, 'P-00412', 'nutri clasica 2 l', '7501020556001', 5.000, 0.000, 100.000, '38', '40', '2025-02-07', '2025-02-07-04-45-52__', 10, 25, '2025-02-07 16:45:52', '0000-00-00 00:00:00', NULL),
(413, 'P-00413', 'alpura vainilla 1l', '7501055900084', 3.000, 0.000, 100.000, '29', '33', '2025-02-07', '2025-02-07-04-47-23__', 10, 25, '2025-02-07 16:47:23', '0000-00-00 00:00:00', NULL),
(414, 'P-00414', 'alpura fresa 1l', '7501055900077', 5.000, 0.000, 100.000, '28', '33', '2025-02-07', '2025-02-07-04-48-06__', 10, 25, '2025-02-07 16:48:06', '0000-00-00 00:00:00', NULL),
(415, 'P-00413', 'La Costeña Serranos Enteros 105g', '7501017006007', 11.000, 0.000, 50.000, '10', '14', '2025-02-07', '2025-02-07-04-48-31__', 10, 25, '2025-02-07 16:48:31', '0000-00-00 00:00:00', NULL),
(416, 'P-00415', 'alpura chocolate 1l', '7501055900060', 4.000, 0.000, 100.000, '29', '33', '2025-02-07', '2025-02-07-04-48-45__', 10, 25, '2025-02-07 16:48:45', '0000-00-00 00:00:00', NULL),
(417, 'P-00417', 'santa clara deslactosada 1l', '7501295600157', 5.000, 0.000, 100.000, '27', '30', '2025-02-07', '2025-02-07-04-49-35__', 10, 25, '2025-02-07 16:49:35', '0000-00-00 00:00:00', NULL),
(418, 'P-00418', 'santa clara entera 1l', '7501295600126', 8.000, 0.000, 100.000, '27', '30', '2025-02-07', '2025-02-07-04-50-19__', 10, 1, '2025-02-07 16:50:19', '0000-00-00 00:00:00', NULL),
(419, 'P-00416', 'La Costeña Rajas Jalapeño 105g', '7501017006014', 7.000, 0.000, 50.000, '10', '14', '2025-02-07', '2025-02-07-04-50-37__', 10, 25, '2025-02-07 16:50:37', '0000-00-00 00:00:00', NULL),
(420, 'P-00419', 'yomi lala fresa 1l', '7501020567014', 3.000, 0.000, 100.000, '31', '35', '2025-02-07', '2025-02-07-04-51-09__', 10, 25, '2025-02-07 16:51:09', '0000-00-00 00:00:00', NULL),
(421, 'P-00421', 'yomi lala chocolate  1L', '7501020566994', 2.000, 0.000, 100.000, '31', '35', '2025-02-07', '2025-02-07-04-52-02__', 10, 25, '2025-02-07 16:52:02', '0000-00-00 00:00:00', NULL),
(422, 'P-00420', 'La Costeña Chipotles Adobados 105g', '7501017006021', 1.000, 0.000, 50.000, '11', '15', '2025-02-07', '2025-02-07-04-52-19__', 10, 25, '2025-02-07 16:52:19', '0000-00-00 00:00:00', NULL),
(423, 'P-00422', 'santa clara fresa 180ml', '7501055377190', 7.000, 0.000, 100.000, '11', '13', '2025-02-07', '2025-02-07-04-53-00__', 10, 25, '2025-02-07 16:53:00', '0000-00-00 00:00:00', NULL),
(424, 'P-00424', 'santa clara chocolate 180ml', '7501055377183', 11.000, 0.000, 100.000, '11', '13', '2025-02-07', '2025-02-07-04-53-45__', 10, 25, '2025-02-07 16:53:45', '0000-00-00 00:00:00', NULL),
(425, 'P-00423', 'La Costeña Chipotles Adobados 220g', '7501017005031', 9.000, 0.000, 50.000, '22', '28', '2025-02-07', '2025-02-07-04-54-36__', 10, 25, '2025-02-07 16:54:36', '0000-00-00 00:00:00', NULL),
(426, 'P-00426', 'Danone', 'Si', 17.000, 11.000, 50.000, '13.99', '19.99', '2025-02-08', '2025-02-08-10-38-29__', 10, 9, '2025-02-08 22:38:29', '0000-00-00 00:00:00', NULL),
(427, 'P-00427', 'Jamon', 'jamon', 499978.250, 1000.000, 5000.000, '1000', '357.98', '2025-02-10', '2025-02-10-04-26-45__', 10, 28, '2025-02-10 16:26:45', '0000-00-00 00:00:00', NULL),
(429, 'P-00429', 'Queso Oaxaca', 'queso oaxaca', 69.518, 20.500, 200.150, '400', '41', '2025-03-12', '2025-03-12-04-11-28__', 19, 28, '2025-03-12 16:11:28', '2025-03-12 16:27:45', NULL),
(431, 'P-00429', 'Queso', 'queso rayada', 50.250, 20.500, 200.150, '300', '21.50', '2025-03-12', '2025-03-12-04-17-22__', 19, 28, '2025-03-12 16:17:22', '0000-00-00 00:00:00', NULL),
(434, 'P-00001', 'Crema Alpura', '995125712', 155.000, 7.000, 16.500, '100', '22', '2025-06-13', '2025-06-06-10-34-44__', 28, 32, '2025-06-06 10:34:44', '2025-06-18 18:43:27', 5);

-- --------------------------------------------------------

--
-- Estructura de tabla para la tabla `tb_caja`
--

CREATE TABLE `tb_caja` (
  `id_caja` int(11) NOT NULL,
  `id_usuario` int(11) NOT NULL,
  `fechayHora_inicial` datetime NOT NULL DEFAULT current_timestamp(),
  `fechayHora_cierre` datetime DEFAULT NULL,
  `cantidad_inicial` decimal(10,2) NOT NULL,
  `cantidad_final` decimal(10,2) DEFAULT NULL,
  `id_tienda` int(11) DEFAULT NULL
) ENGINE=InnoDB DEFAULT CHARSET=utf8mb4 COLLATE=utf8mb4_general_ci;

--
-- Volcado de datos para la tabla `tb_caja`
--

INSERT INTO `tb_caja` (`id_caja`, `id_usuario`, `fechayHora_inicial`, `fechayHora_cierre`, `cantidad_inicial`, `cantidad_final`, `id_tienda`) VALUES
(7, 10, '2025-02-19 15:18:55', '2025-02-19 17:37:18', 250.00, 500.00, NULL),
(8, 19, '2025-02-19 16:01:34', '2025-02-20 16:39:02', 100.00, 2000.00, NULL),
(9, 10, '2025-02-19 17:38:07', '2025-02-19 17:38:22', 100.00, 200.00, NULL),
(10, 10, '2025-02-19 18:16:30', '2025-02-19 18:20:22', 199.00, 700.00, NULL),
(11, 19, '2025-02-20 16:46:16', '2025-02-20 17:02:34', 200.00, 300.00, NULL),
(12, 10, '2025-02-20 19:29:15', '2025-02-20 19:29:46', 100.00, 200.00, NULL),
(13, 10, '2025-02-21 12:30:05', '2025-02-21 12:35:32', 100.00, 105.00, NULL),
(14, 10, '2025-02-21 12:35:52', '2025-02-21 12:37:02', 100.00, 150.00, NULL),
(15, 10, '2025-02-21 12:40:28', '2025-02-21 12:44:55', 100.00, 100.00, NULL),
(16, 10, '2025-02-21 13:11:17', '2025-02-21 13:11:28', 100.00, 50.00, NULL),
(17, 10, '2025-02-24 09:23:50', '2025-02-24 09:25:42', 200.00, 80.00, NULL),
(18, 10, '2025-02-24 09:26:12', '2025-02-26 14:11:37', 200.00, 500.00, NULL),
(19, 19, '2025-02-26 13:34:30', '2025-02-26 14:50:20', 150.00, 1000.88, NULL),
(20, 19, '2025-02-26 14:50:50', '2025-02-26 16:01:47', 20.50, 710.62, NULL),
(21, 10, '2025-02-26 15:10:13', '2025-02-26 15:59:00', 500.00, 418.49, NULL),
(22, 19, '2025-02-26 16:29:00', '2025-02-26 16:29:56', 50.50, 45.50, NULL),
(23, 10, '2025-02-26 17:06:17', '2025-02-26 17:10:04', 200.00, 45.05, NULL),
(24, 10, '2025-02-26 17:17:13', '2025-02-26 17:18:21', 100.00, 60.00, NULL),
(25, 10, '2025-02-26 17:23:53', '2025-02-26 17:46:31', 50.00, 129.59, NULL),
(26, 10, '2025-02-26 17:47:34', '2025-02-26 17:52:03', 20.00, 40.05, NULL),
(27, 10, '2025-02-26 18:34:55', '2025-02-26 18:35:12', 100.00, 100.00, NULL),
(28, 10, '2025-02-26 18:46:38', '2025-02-26 18:48:31', 100.00, 25.00, NULL),
(29, 10, '2025-02-26 18:48:39', '2025-02-26 18:48:46', 100.00, 150.00, NULL),
(30, 10, '2025-02-26 18:48:53', '2025-02-26 18:49:13', 100.00, 59.00, NULL),
(31, 10, '2025-02-26 18:57:12', '2025-02-26 18:58:13', 100.50, 50.50, NULL),
(32, 10, '2025-02-26 19:19:57', '2025-02-26 19:20:17', 500.00, 5.00, NULL),
(33, 10, '2025-02-26 19:21:20', '2025-02-26 19:21:52', 100.00, 100.00, NULL),
(34, 10, '2025-02-26 20:02:37', '2025-02-26 20:07:21', 200.00, 250.50, NULL),
(35, 19, '2025-02-27 16:25:27', '2025-02-27 16:45:53', 100.00, 100.00, NULL),
(36, 10, '2025-02-27 22:52:35', '2025-02-27 22:54:36', 100.00, 100.12, NULL),
(37, 10, '2025-02-27 23:05:15', '2025-02-27 23:07:31', 100.00, 200.00, NULL),
(38, 10, '2025-02-27 23:32:23', '2025-02-28 15:27:07', 100.00, 1.00, NULL),
(39, 19, '2025-02-28 08:37:54', '2025-02-28 08:38:31', 3000.00, 1500.50, NULL),
(40, 19, '2025-02-28 15:27:17', '2025-02-28 15:59:28', 1.00, 1100.00, NULL),
(41, 19, '2025-02-28 15:59:36', '2025-02-28 15:59:43', 1.00, 1.00, NULL),
(42, 19, '2025-02-28 16:02:40', '2025-02-28 16:10:03', 100.00, 100.00, NULL),
(43, 19, '2025-02-28 16:10:13', '2025-02-28 16:12:40', 200.00, 951.97, NULL),
(44, 19, '2025-02-28 16:14:51', '2025-03-21 11:04:52', 1.00, 5172.03, NULL),
(45, 10, '2025-03-06 19:13:23', '2025-03-21 11:04:04', 100.00, 2500.00, NULL),
(46, 19, '2025-03-27 15:42:01', NULL, 200.00, NULL, NULL);

-- --------------------------------------------------------

--
-- Estructura de tabla para la tabla `tb_carrito`
--

CREATE TABLE `tb_carrito` (
  `id_carrito` int(11) NOT NULL,
  `nro_venta` int(11) NOT NULL,
  `id_producto` int(11) NOT NULL,
  `cantidad` varchar(11) NOT NULL,
  `fyh_creacion` datetime NOT NULL,
  `fyh_actualizacion` datetime NOT NULL,
  `id_tienda` int(11) DEFAULT NULL
) ENGINE=InnoDB DEFAULT CHARSET=utf32 COLLATE=utf32_spanish_ci;

--
-- Volcado de datos para la tabla `tb_carrito`
--

INSERT INTO `tb_carrito` (`id_carrito`, `nro_venta`, `id_producto`, `cantidad`, `fyh_creacion`, `fyh_actualizacion`, `id_tienda`) VALUES
(19, 7, 9, '4', '2024-11-29 15:39:06', '0000-00-00 00:00:00', NULL),
(34, 10, 2, '2', '2025-01-08 17:05:42', '0000-00-00 00:00:00', NULL),
(35, 10, 8, '2', '2025-01-08 17:05:50', '0000-00-00 00:00:00', NULL),
(124, 3, 427, '3.000', '2025-02-12 14:39:02', '0000-00-00 00:00:00', NULL),
(125, 4, 426, '2', '2025-02-12 14:45:56', '0000-00-00 00:00:00', NULL),
(126, 5, 427, '0.500', '2025-02-12 14:47:04', '0000-00-00 00:00:00', NULL),
(127, 5, 67, '2', '2025-02-12 14:47:11', '0000-00-00 00:00:00', NULL),
(128, 5, 427, '0.056', '2025-02-12 14:47:22', '0000-00-00 00:00:00', NULL),
(129, 7, 67, '5', '2025-02-12 20:17:41', '0000-00-00 00:00:00', NULL),
(130, 7, 427, '0.250', '2025-02-12 20:17:54', '0000-00-00 00:00:00', NULL),
(131, 7, 427, '0.250', '2025-02-12 20:17:54', '0000-00-00 00:00:00', NULL),
(132, 8, 427, '0.500', '2025-02-12 22:23:46', '0000-00-00 00:00:00', NULL),
(133, 8, 1, '2', '2025-02-12 22:23:53', '0000-00-00 00:00:00', NULL),
(137, 9, 58, '1', '2025-02-16 12:36:02', '0000-00-00 00:00:00', NULL),
(138, 11, 427, '5.000', '2025-02-16 15:04:58', '0000-00-00 00:00:00', NULL),
(139, 11, 67, '8', '2025-02-16 15:05:05', '0000-00-00 00:00:00', NULL),
(142, 12, 1, '5', '2025-02-16 16:01:25', '0000-00-00 00:00:00', NULL),
(143, 12, 58, '2', '2025-02-16 16:01:33', '0000-00-00 00:00:00', NULL),
(144, 12, 427, '0.140', '2025-02-16 16:01:41', '0000-00-00 00:00:00', NULL),
(145, 12, 409, '34', '2025-02-16 16:01:47', '0000-00-00 00:00:00', NULL),
(146, 13, 1, '5', '2025-02-19 11:32:56', '0000-00-00 00:00:00', NULL),
(147, 14, 427, '0.056', '2025-02-20 12:19:23', '0000-00-00 00:00:00', NULL),
(148, 14, 426, '3', '2025-02-20 12:19:40', '0000-00-00 00:00:00', NULL),
(149, 15, 426, '3', '2025-02-20 12:39:04', '0000-00-00 00:00:00', NULL),
(151, 16, 58, '1', '2025-02-20 19:01:51', '0000-00-00 00:00:00', NULL),
(152, 17, 58, '3', '2025-02-20 19:10:10', '0000-00-00 00:00:00', NULL),
(153, 18, 427, '0.500', '2025-02-20 19:11:13', '0000-00-00 00:00:00', NULL),
(154, 19, 58, '10', '2025-02-20 19:13:37', '0000-00-00 00:00:00', NULL),
(155, 20, 404, '1', '2025-02-20 19:15:08', '0000-00-00 00:00:00', NULL),
(156, 21, 58, '1', '2025-02-20 19:17:02', '0000-00-00 00:00:00', NULL),
(157, 22, 58, '1', '2025-02-21 09:54:21', '0000-00-00 00:00:00', NULL),
(158, 23, 292, '1', '2025-02-21 09:54:57', '0000-00-00 00:00:00', NULL),
(159, 24, 58, '1', '2025-02-21 10:30:08', '0000-00-00 00:00:00', NULL),
(160, 25, 58, '1', '2025-02-21 10:39:22', '0000-00-00 00:00:00', NULL),
(163, 26, 427, '0.140', '2025-02-21 10:40:45', '0000-00-00 00:00:00', NULL),
(164, 27, 58, '1', '2025-02-21 12:30:18', '0000-00-00 00:00:00', NULL),
(165, 28, 58, '5', '2025-02-21 12:36:16', '0000-00-00 00:00:00', NULL),
(166, 29, 164, '2', '2025-02-21 12:40:20', '0000-00-00 00:00:00', NULL),
(167, 30, 58, '1', '2025-02-24 09:24:36', '0000-00-00 00:00:00', NULL),
(168, 31, 427, '1.000', '2025-02-24 09:57:29', '0000-00-00 00:00:00', NULL),
(169, 31, 427, '5.000', '2025-02-26 14:27:46', '0000-00-00 00:00:00', NULL),
(170, 32, 427, '0.140', '2025-02-26 14:51:50', '0000-00-00 00:00:00', NULL),
(171, 33, 404, '4', '2025-02-26 15:10:31', '0000-00-00 00:00:00', NULL),
(173, 33, 427, '0.250', '2025-02-26 15:11:01', '0000-00-00 00:00:00', NULL),
(174, 34, 385, '5', '2025-02-26 15:19:42', '0000-00-00 00:00:00', NULL),
(175, 35, 2, '2', '2025-02-26 15:20:15', '0000-00-00 00:00:00', NULL),
(176, 35, 427, '0.500', '2025-02-26 15:20:44', '0000-00-00 00:00:00', NULL),
(177, 36, 67, '5', '2025-02-26 15:29:04', '0000-00-00 00:00:00', NULL),
(178, 36, 100, '2', '2025-02-26 15:29:31', '0000-00-00 00:00:00', NULL),
(179, 37, 404, '6', '2025-02-26 15:44:36', '0000-00-00 00:00:00', NULL),
(180, 38, 292, '5', '2025-02-26 15:59:39', '0000-00-00 00:00:00', NULL),
(181, 39, 58, '5', '2025-02-26 16:29:30', '0000-00-00 00:00:00', NULL),
(182, 40, 404, '5', '2025-02-26 17:06:33', '0000-00-00 00:00:00', NULL),
(183, 40, 427, '0.056', '2025-02-26 17:06:42', '0000-00-00 00:00:00', NULL),
(184, 41, 67, '5', '2025-02-26 17:17:25', '0000-00-00 00:00:00', NULL),
(185, 42, 427, '0.056', '2025-02-26 17:24:07', '0000-00-00 00:00:00', NULL),
(186, 42, 427, '0.250', '2025-02-26 17:24:25', '0000-00-00 00:00:00', NULL),
(187, 43, 427, '0.056', '2025-02-26 17:25:31', '0000-00-00 00:00:00', NULL),
(189, 44, 427, '0.056', '2025-02-26 17:51:25', '0000-00-00 00:00:00', NULL),
(190, 45, 404, '5', '2025-02-26 18:46:53', '0000-00-00 00:00:00', NULL),
(191, 46, 58, '5', '2025-02-26 19:17:29', '0000-00-00 00:00:00', NULL),
(192, 47, 67, '5', '2025-02-26 19:21:28', '0000-00-00 00:00:00', NULL),
(193, 48, 2, '5', '2025-02-26 20:05:23', '0000-00-00 00:00:00', NULL),
(194, 48, 427, '0.500', '2025-02-26 20:05:37', '0000-00-00 00:00:00', NULL),
(195, 49, 427, '0.140', '2025-02-27 22:53:28', '0000-00-00 00:00:00', NULL),
(196, 50, 67, '5', '2025-02-27 23:06:13', '0000-00-00 00:00:00', NULL),
(197, 50, 323, '6', '2025-02-27 23:06:19', '0000-00-00 00:00:00', NULL),
(202, 51, 67, '45', '2025-02-28 16:10:20', '0000-00-00 00:00:00', NULL),
(203, 51, 427, '1.500', '2025-02-28 16:11:20', '0000-00-00 00:00:00', NULL),
(216, 52, 427, '1.500', '2025-03-06 19:28:12', '0000-00-00 00:00:00', NULL),
(217, 52, 427, '1.500', '2025-03-06 19:28:12', '0000-00-00 00:00:00', NULL),
(218, 53, 427, '1.500', '2025-03-06 19:39:53', '0000-00-00 00:00:00', NULL),
(219, 53, 427, '1.500', '2025-03-06 19:39:54', '0000-00-00 00:00:00', NULL),
(220, 54, 427, '2.500', '2025-03-06 19:42:12', '0000-00-00 00:00:00', NULL),
(221, 55, 427, '1.145', '2025-03-06 19:48:46', '0000-00-00 00:00:00', NULL),
(223, 56, 427, '1.500', '2025-03-10 08:54:28', '0000-00-00 00:00:00', NULL),
(224, 57, 427, '1.500', '2025-03-11 13:06:41', '0000-00-00 00:00:00', NULL),
(225, 58, 427, '1.500', '2025-03-11 15:23:59', '0000-00-00 00:00:00', NULL),
(229, 59, 427, '1.500', '2025-03-11 16:33:03', '0000-00-00 00:00:00', NULL),
(231, 60, 427, '0.050', '2025-03-11 16:42:17', '0000-00-00 00:00:00', NULL),
(236, 61, 427, '1.500', '2025-03-11 19:56:24', '0000-00-00 00:00:00', NULL),
(237, 62, 427, '0.250', '2025-03-12 15:19:15', '0000-00-00 00:00:00', NULL),
(238, 63, 427, '1.500', '2025-03-21 11:03:25', '0000-00-00 00:00:00', NULL),
(239, 64, 429, '0.244', '2025-03-27 15:42:23', '0000-00-00 00:00:00', NULL),
(240, 64, 404, '3', '2025-03-27 15:42:34', '0000-00-00 00:00:00', NULL),
(241, 65, 429, '0.488', '2025-03-28 09:54:58', '0000-00-00 00:00:00', NULL),
(242, 66, 292, '1', '2025-05-21 17:10:55', '0000-00-00 00:00:00', NULL),
(243, 66, 323, '1', '2025-05-21 17:11:01', '0000-00-00 00:00:00', NULL),
(244, 66, 325, '1', '2025-05-21 17:11:08', '0000-00-00 00:00:00', NULL),
(245, 66, 429, '0.250', '2025-05-21 21:08:47', '0000-00-00 00:00:00', NULL),
(246, 66, 169, '1', '2025-05-21 21:09:27', '0000-00-00 00:00:00', NULL),
(247, 66, 109, '1', '2025-05-21 21:09:51', '0000-00-00 00:00:00', NULL),
(248, 67, 276, '1', '2025-05-23 11:11:13', '0000-00-00 00:00:00', NULL),
(249, 67, 30, '1', '2025-05-23 11:11:27', '0000-00-00 00:00:00', NULL);

-- --------------------------------------------------------

--
-- Estructura de tabla para la tabla `tb_categorias`
--

CREATE TABLE `tb_categorias` (
  `id_categoria` int(11) NOT NULL,
  `nombre_categoria` varchar(255) NOT NULL,
  `fyh_creacion` datetime NOT NULL,
  `fyh_actualizacion` datetime NOT NULL,
  `id_tienda` int(11) DEFAULT NULL
) ENGINE=InnoDB DEFAULT CHARSET=utf8mb4 COLLATE=utf8mb4_unicode_520_ci;

--
-- Volcado de datos para la tabla `tb_categorias`
--

INSERT INTO `tb_categorias` (`id_categoria`, `nombre_categoria`, `fyh_creacion`, `fyh_actualizacion`, `id_tienda`) VALUES
(1, 'FRUTAS', '2024-09-11 00:27:11', '0000-00-00 00:00:00', NULL),
(2, 'COMIDAS', '2024-09-11 00:27:17', '0000-00-00 00:00:00', NULL),
(3, 'VERDURAS', '2024-09-11 00:27:25', '2024-09-17 17:23:29', NULL),
(4, 'ELECTRODOMESTICOS', '2024-09-11 00:27:30', '0000-00-00 00:00:00', NULL),
(5, 'ELECTRÓNICA', '2024-09-11 00:27:35', '2024-10-03 03:16:39', NULL),
(6, 'LÍQUIDOS ', '2024-09-11 00:30:21', '2024-10-03 01:26:00', NULL),
(7, 'MUEBLERÍA', '2024-09-17 17:23:01', '2024-10-03 01:25:25', NULL),
(8, 'DEPORTE', '2024-11-29 15:23:29', '2024-11-29 15:24:36', NULL),
(9, 'LACTEOS', '2024-12-10 14:09:41', '2024-12-10 14:10:00', NULL),
(10, 'chatarras', '2025-02-05 03:05:52', '0000-00-00 00:00:00', NULL),
(11, 'Higiene', '2025-02-05 11:11:59', '0000-00-00 00:00:00', NULL),
(13, 'DULCERIA', '2025-02-05 12:37:49', '0000-00-00 00:00:00', NULL),
(14, 'KINDER', '2025-02-05 13:21:47', '0000-00-00 00:00:00', NULL),
(15, 'KINDER', '2025-02-05 13:21:48', '0000-00-00 00:00:00', NULL),
(16, 'Detergente ,suavitel y cloro', '2025-02-07 09:34:08', '0000-00-00 00:00:00', NULL),
(17, 'Detergente ,suavitel y cloro', '2025-02-07 09:34:11', '0000-00-00 00:00:00', NULL),
(18, 'Detergente ,suavitel y cloro', '2025-02-07 09:34:12', '0000-00-00 00:00:00', NULL),
(19, 'Papel de baño', '2025-02-07 09:40:12', '0000-00-00 00:00:00', NULL),
(20, 'JABONES ', '2025-02-07 12:11:18', '0000-00-00 00:00:00', NULL),
(21, 'CIGARRO', '2025-02-07 12:25:18', '0000-00-00 00:00:00', NULL),
(22, 'BARCEL', '2025-02-07 13:26:47', '0000-00-00 00:00:00', NULL),
(23, 'UNICEL Y PLASTICOS ', '2025-02-07 13:45:07', '0000-00-00 00:00:00', NULL),
(24, 'PAPAS SOL ', '2025-02-07 15:33:34', '0000-00-00 00:00:00', NULL),
(25, 'ABARROTES', '2025-02-07 16:10:35', '0000-00-00 00:00:00', NULL),
(26, 'SEMILLAS ', '2025-02-07 16:13:05', '0000-00-00 00:00:00', NULL),
(27, 'VINOS Y LICORES', '2025-02-07 16:31:02', '0000-00-00 00:00:00', NULL),
(28, 'A GRANEL', '2025-02-10 16:07:23', '0000-00-00 00:00:00', NULL),
(30, 'CERVEZAS', '2025-06-05 12:53:32', '2025-06-05 12:54:17', 7),
(31, 'BOTANA', '2025-06-05 12:57:24', '0000-00-00 00:00:00', 7),
(32, 'LACTEOS', '2025-06-05 12:57:41', '2025-06-05 13:03:39', 5),
(33, 'ABARROTES', '2025-06-05 13:03:47', '2025-06-05 13:04:49', 5),
(34, 'EMBUTIDOS', '2025-06-05 13:04:57', '2025-06-06 10:32:29', 5),
(35, 'A GRANEL', '2025-06-06 10:31:52', '0000-00-00 00:00:00', 5);

-- --------------------------------------------------------

--
-- Estructura de tabla para la tabla `tb_clientes`
--

CREATE TABLE `tb_clientes` (
  `id_cliente` int(11) NOT NULL,
  `nombre_cliente` varchar(255) NOT NULL,
  `nit_ci_cliente` varchar(255) NOT NULL,
  `celular_cliente` varchar(50) NOT NULL,
  `email_cliente` varchar(255) NOT NULL,
  `fyh_creacion` datetime NOT NULL DEFAULT current_timestamp(),
  `fyh_actualizacion` datetime DEFAULT NULL ON UPDATE current_timestamp(),
  `id_tienda` int(11) DEFAULT NULL
) ENGINE=InnoDB DEFAULT CHARSET=utf8mb4 COLLATE=utf8mb4_spanish_ci;

--
-- Volcado de datos para la tabla `tb_clientes`
--

INSERT INTO `tb_clientes` (`id_cliente`, `nombre_cliente`, `nit_ci_cliente`, `celular_cliente`, `email_cliente`, `fyh_creacion`, `fyh_actualizacion`, `id_tienda`) VALUES
(1, 'user', '', '', '', '2025-02-05 03:04:56', NULL, NULL);

-- --------------------------------------------------------

--
-- Estructura de tabla para la tabla `tb_compras`
--

CREATE TABLE `tb_compras` (
  `id_compra` int(11) NOT NULL,
  `id_producto` int(11) NOT NULL,
  `nro_compra` int(11) NOT NULL,
  `fecha_compra` date NOT NULL,
  `id_proveedor` int(11) NOT NULL,
  `comprobante` varchar(255) NOT NULL,
  `id_usuario` int(11) NOT NULL,
  `precio_compra` varchar(50) NOT NULL,
  `cantidad` decimal(11,3) NOT NULL,
  `fyh_creacion` datetime NOT NULL,
  `fyh_actualizacion` datetime NOT NULL,
  `id_tienda` int(11) DEFAULT NULL
) ENGINE=InnoDB DEFAULT CHARSET=utf8mb4 COLLATE=utf8mb4_unicode_520_ci;

--
-- Volcado de datos para la tabla `tb_compras`
--

INSERT INTO `tb_compras` (`id_compra`, `id_producto`, `nro_compra`, `fecha_compra`, `id_proveedor`, `comprobante`, `id_usuario`, `precio_compra`, `cantidad`, `fyh_creacion`, `fyh_actualizacion`, `id_tienda`) VALUES
(1, 2, 1, '2024-09-25', 6, 'NOTA 1014', 3, '1000', 10.000, '2024-09-25 17:39:47', '0000-00-00 00:00:00', NULL),
(2, 1, 2, '2024-09-24', 2, 'FACTURA 514', 10, '100000', 5.000, '2024-09-25 17:40:50', '2025-02-17 09:45:05', NULL),
(5, 5, 3, '2024-10-03', 4, 'Factura 5148', 1, '330', 6.000, '2024-10-03 01:36:43', '0000-00-00 00:00:00', NULL),
(10, 1, 2, '2025-02-17', 1, '555', 10, '557.55', 50.000, '2025-02-16 15:35:16', '2025-02-17 09:56:28', NULL),
(11, 408, 3, '2025-02-17', 1, 'No se', 10, '28.88', 30.000, '2025-02-17 10:29:55', '0000-00-00 00:00:00', NULL),
(25, 434, 4, '2025-06-18', 6, 'NOTA 132332', 20, '100', 155.000, '2025-06-18 18:51:46', '2025-06-20 10:51:49', 5);

-- --------------------------------------------------------

--
-- Estructura de tabla para la tabla `tb_corte_parcial`
--

CREATE TABLE `tb_corte_parcial` (
  `id_corte` int(11) NOT NULL,
  `id_caja` int(11) NOT NULL,
  `fecha_corte` datetime NOT NULL DEFAULT current_timestamp(),
  `cantidad_parcial` decimal(10,2) NOT NULL,
  `id_tienda` int(11) DEFAULT NULL
) ENGINE=InnoDB DEFAULT CHARSET=utf8mb4 COLLATE=utf8mb4_general_ci;

--
-- Volcado de datos para la tabla `tb_corte_parcial`
--

INSERT INTO `tb_corte_parcial` (`id_corte`, `id_caja`, `fecha_corte`, `cantidad_parcial`, `id_tienda`) VALUES
(1, 11, '2025-02-20 17:02:23', 100.00, NULL),
(2, 12, '2025-02-20 19:29:29', 50.00, NULL),
(3, 18, '2025-02-24 09:26:31', 150.00, NULL),
(4, 19, '2025-02-26 14:20:34', 50.00, NULL),
(5, 19, '2025-02-26 14:28:16', 400.00, NULL),
(6, 19, '2025-02-26 14:28:23', 400.00, NULL),
(7, 19, '2025-02-26 14:30:32', 200.00, NULL),
(8, 19, '2025-02-26 14:47:27', 199.00, NULL),
(9, 19, '2025-02-26 14:47:55', 48.00, NULL),
(10, 20, '2025-02-26 14:51:05', 10.00, NULL),
(11, 20, '2025-02-26 15:28:27', 50.00, NULL),
(12, 20, '2025-02-26 15:43:28', 200.00, NULL),
(13, 21, '2025-02-26 15:58:33', 500.00, NULL),
(14, 22, '2025-02-26 16:29:19', 30.00, NULL),
(15, 23, '2025-02-26 17:09:48', 300.00, NULL),
(16, 24, '2025-02-26 17:18:00', 75.00, NULL),
(17, 25, '2025-02-26 17:46:04', 50.00, NULL),
(18, 28, '2025-02-26 18:48:14', 200.00, NULL),
(19, 31, '2025-02-26 18:57:37', 50.00, NULL),
(20, 33, '2025-02-26 19:21:40', 50.00, NULL),
(21, 34, '2025-02-26 20:06:55', 103.99, NULL),
(22, 36, '2025-02-27 22:54:26', 50.00, NULL),
(23, 37, '2025-02-27 23:06:56', 200.00, NULL),
(24, 39, '2025-02-28 08:38:08', 1500.00, NULL),
(25, 43, '2025-02-28 16:11:54', 100.00, NULL),
(26, 44, '2025-02-28 16:21:31', 1.00, NULL);

-- --------------------------------------------------------

--
-- Estructura de tabla para la tabla `tb_proveedores`
--

CREATE TABLE `tb_proveedores` (
  `id_proveedor` int(11) NOT NULL,
  `nombre_proveedor` varchar(255) NOT NULL,
  `celular` varchar(50) NOT NULL,
  `telefono` varchar(50) DEFAULT NULL,
  `empresa` varchar(255) NOT NULL,
  `email` varchar(50) DEFAULT NULL,
  `direccion` varchar(255) NOT NULL,
  `fyh_creacion` datetime NOT NULL,
  `fyh_actualizacion` datetime NOT NULL,
  `id_tienda` int(11) DEFAULT NULL
) ENGINE=InnoDB DEFAULT CHARSET=utf8mb4 COLLATE=utf8mb4_unicode_520_ci;

--
-- Volcado de datos para la tabla `tb_proveedores`
--

INSERT INTO `tb_proveedores` (`id_proveedor`, `nombre_proveedor`, `celular`, `telefono`, `empresa`, `email`, `direccion`, `fyh_creacion`, `fyh_actualizacion`, `id_tienda`) VALUES
(1, 'coca', '1', '1', '1', '1', '1', '2025-02-05 11:22:22', '0000-00-00 00:00:00', NULL),
(2, 'Bimbo', '1', '', '1', '', '1', '2025-02-07 11:03:32', '0000-00-00 00:00:00', NULL),
(4, 'JACINTO', '65651', '', 'COCA COLA', '', 'Insurgentes', '2025-06-12 16:11:09', '0000-00-00 00:00:00', 7),
(6, 'CARLOS', '5122378979', '552151242', 'BIMBO', 'carlos@gmail.com', '4 CAMINOS', '2025-06-13 10:07:08', '2025-06-13 10:25:46', 5);

-- --------------------------------------------------------

--
-- Estructura de tabla para la tabla `tb_roles`
--

CREATE TABLE `tb_roles` (
  `id_rol` int(11) NOT NULL,
  `rol` varchar(255) NOT NULL,
  `fyh_creacion` datetime NOT NULL,
  `fyh_actualizacion` datetime NOT NULL
) ENGINE=InnoDB DEFAULT CHARSET=utf8mb4 COLLATE=utf8mb4_unicode_520_ci;

--
-- Volcado de datos para la tabla `tb_roles`
--

INSERT INTO `tb_roles` (`id_rol`, `rol`, `fyh_creacion`, `fyh_actualizacion`) VALUES
(1, 'Administrador', '2024-09-11 08:24:04', '2024-10-03 01:24:29'),
(2, 'Vendedor', '2024-09-11 00:26:30', '0000-00-00 00:00:00'),
(3, 'Contador', '2024-09-11 00:26:45', '0000-00-00 00:00:00'),
(4, 'Empleado', '2024-10-03 01:24:49', '0000-00-00 00:00:00'),
(5, 'Desarrollador', '2024-10-03 02:28:46', '0000-00-00 00:00:00'),
(6, 'Gerente', '2024-11-29 15:22:46', '2024-11-29 15:23:10'),
(7, 'Invitado', '2024-12-05 22:43:12', '0000-00-00 00:00:00'),
(8, 'Deportista Olimpico', '2024-12-10 13:58:29', '2024-12-10 13:58:49'),
(9, 'Medico', '2024-12-10 13:59:13', '0000-00-00 00:00:00');

-- --------------------------------------------------------

--
-- Estructura de tabla para la tabla `tb_tiendas`
--

CREATE TABLE `tb_tiendas` (
  `id` int(11) NOT NULL,
  `nombre` varchar(100) NOT NULL,
  `direccion` text DEFAULT NULL,
  `telefono` varchar(20) DEFAULT NULL,
  `creado` timestamp NOT NULL DEFAULT current_timestamp(),
  `encargado` varchar(100) DEFAULT NULL
) ENGINE=InnoDB DEFAULT CHARSET=utf8mb4 COLLATE=utf8mb4_general_ci;

--
-- Volcado de datos para la tabla `tb_tiendas`
--

INSERT INTO `tb_tiendas` (`id`, `nombre`, `direccion`, `telefono`, `creado`, `encargado`) VALUES
(5, 'Anaconda tienda', 'Av. Central', '5551', '2025-05-28 22:21:28', 'brandon 123'),
(7, 'tienda panchito', '123', '1323', '2025-05-30 16:00:16', 'juan');

-- --------------------------------------------------------

--
-- Estructura de tabla para la tabla `tb_usuarios`
--

CREATE TABLE `tb_usuarios` (
  `id_usuario` int(11) NOT NULL,
  `nombres` varchar(255) NOT NULL,
  `email` varchar(255) CHARACTER SET utf8 COLLATE utf8_spanish_ci NOT NULL,
  `password_user` text CHARACTER SET utf8 COLLATE utf8_spanish_ci NOT NULL,
  `token` varchar(100) CHARACTER SET utf8 COLLATE utf8_spanish_ci NOT NULL,
  `id_rol` int(11) NOT NULL,
  `fyh_creacion` datetime NOT NULL,
  `fyh_actualizacion` datetime NOT NULL,
  `token_recuperacion` varchar(255) DEFAULT NULL,
  `expira_token` datetime DEFAULT NULL,
  `id_tienda` int(11) DEFAULT NULL
) ENGINE=InnoDB DEFAULT CHARSET=utf8mb4 COLLATE=utf8mb4_unicode_520_ci;

--
-- Volcado de datos para la tabla `tb_usuarios`
--

INSERT INTO `tb_usuarios` (`id_usuario`, `nombres`, `email`, `password_user`, `token`, `id_rol`, `fyh_creacion`, `fyh_actualizacion`, `token_recuperacion`, `expira_token`, `id_tienda`) VALUES
(1, 'Gregorio Osiel Herbert De La Cruz', 'osiel@gmail.com', '$2y$10$htgTae8BPVL/naWW6HdG8.9H55WyLr4AzSojkRy1j8ew7Ai8pg0VS', '', 1, '2024-09-11 08:24:25', '2024-10-03 01:20:27', NULL, NULL, NULL),
(3, 'Javier Juarez Santos TESE', 'Javier_141202@hotmail.com', '$2y$10$s8uCxSVP8aKJdA8hicSHkeNgsthaUXsJ3XoN/8YVGuMMgGzsjRxWq', '', 1, '2024-09-11 08:32:33', '2024-10-08 10:56:25', NULL, NULL, NULL),
(7, 'AnacondaSW', 'Anaconda@gmail.com', '$2y$10$W50CQRuxKFk1Uer6TIOK2epE6Qt.g7LgNGkR1q8f2Ru7bw1Ra3Q4C', '', 1, '2024-10-03 01:23:56', '2024-12-10 12:19:19', NULL, NULL, NULL),
(10, 'Invitado', 'Invita@gmail.com', '$2y$10$mFSQc22t8ieZvaH1HGBWY.i8wVGjHW4eJPI7Dax3d9zqvZI4na7VW', '', 7, '2024-10-04 01:33:07', '2025-03-27 22:41:47', NULL, NULL, NULL),
(12, 'carmelo', 'ernestoecoe18@gmail.com', '$2y$10$lh8OttMU1B8eHE6FC3uoXOzrgvaKN.4Xp6IssB4jUSwNllhKu39EW', '', 5, '2024-11-29 15:21:43', '2025-02-05 03:04:42', NULL, NULL, NULL),
(19, 'Brandon Jair Garita Cervantes', 'garita.cervantes.brandon.jair@gmail.com', '$2y$10$KaVgXUazNNMZfYgQq.Ah5eHAadtU7s.cthbEu1ED2eJIBEopmTDgm', '', 1, '2025-02-19 15:57:52', '0000-00-00 00:00:00', NULL, NULL, NULL),
(20, 'Brandon 12', 'brandonjairgaritacervantes@gmail.com', '$2y$10$K5A5kBsalAN0RSapqHlsw.xHz6NL0J.nXlq9w3q360VxMssPa3t02', '', 5, '2025-05-22 20:58:43', '2025-05-29 17:53:20', NULL, NULL, NULL),
(28, 'Juan david', 'zulxsinon@gmail.com', '$2y$10$EnWn1ZDPlNlmhWgo9GE63OAO5F8iyhWYJwzaFKaBhHPfUI.6Us/yO', '', 1, '2025-05-29 13:17:43', '2025-05-29 13:21:55', NULL, NULL, 5),
(35, 'daniel', 'danloquendero.sur@gmail.com', '$2y$10$ecKXebuVZhZnG5WfWIBrb.rky3xKcwf07sjrpL8Wf2zNX/yRWYAra', '', 4, '2025-05-30 10:03:44', '0000-00-00 00:00:00', NULL, NULL, 5),
(36, 'karla', 'karlagarita23@gmail.com', '$2y$10$fNxuoFgQJ/5jDR.vLg4VO.eX6QARkcCYPgSxBngsFgrKRJpC/.k52', '', 1, '2025-06-05 12:43:33', '0000-00-00 00:00:00', NULL, NULL, 7);

-- --------------------------------------------------------

--
-- Estructura de tabla para la tabla `tb_ventas`
--

CREATE TABLE `tb_ventas` (
  `id_venta` int(11) NOT NULL,
  `nro_venta` int(11) NOT NULL,
  `id_cliente` int(11) NOT NULL,
  `total_pagado` decimal(11,2) NOT NULL,
  `fyh_creacion` datetime NOT NULL,
  `fyh_actualizacion` datetime NOT NULL,
  `id_usuario` int(11) NOT NULL,
  `id_tienda` int(11) DEFAULT NULL
) ENGINE=InnoDB DEFAULT CHARSET=utf32 COLLATE=utf32_spanish_ci;

--
-- Volcado de datos para la tabla `tb_ventas`
--

INSERT INTO `tb_ventas` (`id_venta`, `nro_venta`, `id_cliente`, `total_pagado`, `fyh_creacion`, `fyh_actualizacion`, `id_usuario`, `id_tienda`) VALUES
(19, 3, 1, 1073.94, '2025-02-12 14:39:15', '0000-00-00 00:00:00', 10, NULL),
(20, 4, 1, 40.00, '2025-02-12 14:46:12', '0000-00-00 00:00:00', 10, NULL),
(21, 5, 1, 213.00, '2025-02-12 15:13:54', '0000-00-00 00:00:00', 10, NULL),
(23, 7, 1, 230.00, '2025-02-12 20:18:03', '0000-00-00 00:00:00', 10, NULL),
(24, 8, 1, 219.00, '2025-02-12 22:24:05', '0000-00-00 00:00:00', 10, NULL),
(25, 9, 1, 5.00, '2025-02-16 12:36:14', '0000-00-00 00:00:00', 10, NULL),
(26, 10, 1, 58.00, '2025-02-16 15:04:24', '0000-00-00 00:00:00', 10, NULL),
(27, 11, 1, 1846.00, '2025-02-16 15:05:16', '0000-00-00 00:00:00', 10, NULL),
(28, 12, 1, 705.00, '2025-02-16 16:02:28', '0000-00-00 00:00:00', 10, NULL),
(29, 13, 1, 101.00, '2025-02-19 11:33:07', '0000-00-00 00:00:00', 10, NULL),
(30, 14, 1, 80.00, '2025-02-20 12:19:57', '0000-00-00 00:00:00', 19, NULL),
(31, 15, 1, 59.97, '2025-02-20 12:39:15', '0000-00-00 00:00:00', 19, NULL),
(33, 16, 1, 5.00, '2025-02-20 19:08:36', '0000-00-00 00:00:00', 19, NULL),
(34, 17, 1, 15.00, '2025-02-20 19:10:17', '0000-00-00 00:00:00', 10, NULL),
(35, 18, 1, 178.99, '2025-02-20 19:11:29', '0000-00-00 00:00:00', 10, NULL),
(36, 19, 1, 50.00, '2025-02-20 19:14:33', '0000-00-00 00:00:00', 19, NULL),
(37, 20, 1, 25.00, '2025-02-20 19:15:16', '0000-00-00 00:00:00', 19, NULL),
(38, 21, 1, 5.00, '2025-02-20 19:17:09', '0000-00-00 00:00:00', 19, NULL),
(39, 22, 1, 5.00, '2025-02-21 09:54:36', '0000-00-00 00:00:00', 10, NULL),
(40, 23, 1, 85.00, '2025-02-21 09:55:07', '0000-00-00 00:00:00', 19, NULL),
(41, 24, 1, 5.00, '2025-02-21 10:30:15', '0000-00-00 00:00:00', 10, NULL),
(42, 25, 1, 5.00, '2025-02-21 10:39:31', '0000-00-00 00:00:00', 10, NULL),
(43, 26, 1, 50.12, '2025-02-21 10:41:00', '0000-00-00 00:00:00', 10, NULL),
(44, 27, 1, 5.00, '2025-02-21 12:30:58', '0000-00-00 00:00:00', 10, NULL),
(45, 28, 1, 25.00, '2025-02-21 12:36:43', '0000-00-00 00:00:00', 10, NULL),
(46, 29, 1, 40.00, '2025-02-21 12:40:42', '0000-00-00 00:00:00', 10, NULL),
(47, 30, 1, 5.00, '2025-02-24 09:24:45', '0000-00-00 00:00:00', 10, NULL),
(48, 31, 1, 2147.88, '2025-02-26 14:27:59', '0000-00-00 00:00:00', 19, NULL),
(49, 32, 1, 50.12, '2025-02-26 14:52:31', '0000-00-00 00:00:00', 19, NULL),
(50, 33, 1, 189.50, '2025-02-26 15:11:14', '0000-00-00 00:00:00', 10, NULL),
(51, 34, 1, 50.00, '2025-02-26 15:19:51', '0000-00-00 00:00:00', 19, NULL),
(52, 35, 1, 228.99, '2025-02-26 15:20:53', '0000-00-00 00:00:00', 10, NULL),
(53, 36, 1, 275.00, '2025-02-26 15:29:37', '0000-00-00 00:00:00', 19, NULL),
(54, 37, 1, 150.00, '2025-02-26 15:44:43', '0000-00-00 00:00:00', 19, NULL),
(55, 38, 1, 425.00, '2025-02-26 15:59:48', '0000-00-00 00:00:00', 19, NULL),
(56, 39, 1, 25.00, '2025-02-26 16:29:37', '0000-00-00 00:00:00', 19, NULL),
(57, 40, 1, 145.05, '2025-02-26 17:06:58', '0000-00-00 00:00:00', 10, NULL),
(58, 41, 1, 35.00, '2025-02-26 17:17:36', '0000-00-00 00:00:00', 10, NULL),
(59, 42, 1, 109.54, '2025-02-26 17:24:40', '0000-00-00 00:00:00', 10, NULL),
(60, 43, 1, 20.05, '2025-02-26 17:26:04', '0000-00-00 00:00:00', 10, NULL),
(61, 44, 1, 20.05, '2025-02-26 17:51:38', '0000-00-00 00:00:00', 10, NULL),
(62, 45, 1, 125.00, '2025-02-26 18:47:05', '0000-00-00 00:00:00', 10, NULL),
(63, 46, 1, 25.00, '2025-02-26 19:17:35', '0000-00-00 00:00:00', 19, NULL),
(64, 47, 1, 35.00, '2025-02-26 19:21:35', '0000-00-00 00:00:00', 10, NULL),
(65, 48, 1, 303.99, '2025-02-26 20:06:26', '0000-00-00 00:00:00', 10, NULL),
(66, 49, 1, 50.12, '2025-02-27 22:53:47', '0000-00-00 00:00:00', 10, NULL),
(67, 50, 1, 143.00, '2025-02-27 23:06:26', '0000-00-00 00:00:00', 10, NULL),
(68, 51, 1, 851.97, '2025-02-28 16:11:44', '0000-00-00 00:00:00', 19, NULL),
(69, 52, 1, 536.97, '2025-03-06 19:39:16', '0000-00-00 00:00:00', 19, NULL),
(70, 53, 1, 536.97, '2025-03-06 19:40:03', '0000-00-00 00:00:00', 19, NULL),
(71, 54, 1, 894.95, '2025-03-06 19:42:21', '0000-00-00 00:00:00', 19, NULL),
(72, 55, 1, 409.89, '2025-03-06 19:51:18', '0000-00-00 00:00:00', 19, NULL),
(73, 56, 1, 536.97, '2025-03-10 08:54:48', '0000-00-00 00:00:00', 19, NULL),
(74, 57, 1, 536.97, '2025-03-11 13:06:52', '0000-00-00 00:00:00', 19, NULL),
(75, 58, 1, 536.97, '2025-03-11 15:24:11', '0000-00-00 00:00:00', 19, NULL),
(76, 59, 1, 536.97, '2025-03-11 16:33:15', '0000-00-00 00:00:00', 19, NULL),
(77, 60, 1, 17.90, '2025-03-11 16:42:32', '0000-00-00 00:00:00', 19, NULL),
(78, 61, 1, 536.97, '2025-03-11 19:56:37', '0000-00-00 00:00:00', 19, NULL),
(79, 62, 1, 89.50, '2025-03-12 15:19:25', '0000-00-00 00:00:00', 19, NULL),
(80, 63, 1, 536.97, '2025-03-21 11:03:42', '0000-00-00 00:00:00', 10, NULL),
(81, 64, 1, 85.00, '2025-03-27 15:42:41', '0000-00-00 00:00:00', 19, NULL),
(82, 65, 1, 20.01, '2025-03-28 09:55:06', '0000-00-00 00:00:00', 19, NULL),
(83, 66, 1, 166.25, '2025-05-21 21:09:54', '0000-00-00 00:00:00', 19, NULL);

--
-- Índices para tablas volcadas
--

--
-- Indices de la tabla `tb_almacen`
--
ALTER TABLE `tb_almacen`
  ADD PRIMARY KEY (`id_producto`),
  ADD KEY `id_usuario` (`id_usuario`),
  ADD KEY `id_categoria` (`id_categoria`),
  ADD KEY `fk_almacen_tienda` (`id_tienda`);

--
-- Indices de la tabla `tb_caja`
--
ALTER TABLE `tb_caja`
  ADD PRIMARY KEY (`id_caja`),
  ADD KEY `id_usuario` (`id_usuario`),
  ADD KEY `fk_caja_tienda` (`id_tienda`);

--
-- Indices de la tabla `tb_carrito`
--
ALTER TABLE `tb_carrito`
  ADD PRIMARY KEY (`id_carrito`),
  ADD KEY `id_venta` (`nro_venta`),
  ADD KEY `id_producto` (`id_producto`),
  ADD KEY `fk_carrito_tienda` (`id_tienda`);

--
-- Indices de la tabla `tb_categorias`
--
ALTER TABLE `tb_categorias`
  ADD PRIMARY KEY (`id_categoria`),
  ADD KEY `fk_categorias_tienda` (`id_tienda`);

--
-- Indices de la tabla `tb_clientes`
--
ALTER TABLE `tb_clientes`
  ADD PRIMARY KEY (`id_cliente`),
  ADD KEY `fk_clientes_tienda` (`id_tienda`);

--
-- Indices de la tabla `tb_compras`
--
ALTER TABLE `tb_compras`
  ADD PRIMARY KEY (`id_compra`),
  ADD KEY `id_producto` (`id_producto`),
  ADD KEY `id_proveedor` (`id_proveedor`),
  ADD KEY `id_usuario` (`id_usuario`),
  ADD KEY `fk_compras_tienda` (`id_tienda`);

--
-- Indices de la tabla `tb_corte_parcial`
--
ALTER TABLE `tb_corte_parcial`
  ADD PRIMARY KEY (`id_corte`),
  ADD KEY `id_caja` (`id_caja`),
  ADD KEY `fk_corte_parcial_tienda` (`id_tienda`);

--
-- Indices de la tabla `tb_proveedores`
--
ALTER TABLE `tb_proveedores`
  ADD PRIMARY KEY (`id_proveedor`),
  ADD KEY `fk_proveedores_tienda` (`id_tienda`);

--
-- Indices de la tabla `tb_roles`
--
ALTER TABLE `tb_roles`
  ADD PRIMARY KEY (`id_rol`);

--
-- Indices de la tabla `tb_tiendas`
--
ALTER TABLE `tb_tiendas`
  ADD PRIMARY KEY (`id`);

--
-- Indices de la tabla `tb_usuarios`
--
ALTER TABLE `tb_usuarios`
  ADD PRIMARY KEY (`id_usuario`),
  ADD KEY `id_rol` (`id_rol`),
  ADD KEY `fk_usuarios_tienda` (`id_tienda`);

--
-- Indices de la tabla `tb_ventas`
--
ALTER TABLE `tb_ventas`
  ADD PRIMARY KEY (`id_venta`),
  ADD KEY `id_cliente` (`id_cliente`),
  ADD KEY `nro_venta` (`nro_venta`),
  ADD KEY `fk_ventas_usuarios` (`id_usuario`),
  ADD KEY `fk_ventas_tienda` (`id_tienda`);

--
-- AUTO_INCREMENT de las tablas volcadas
--

--
-- AUTO_INCREMENT de la tabla `tb_almacen`
--
ALTER TABLE `tb_almacen`
  MODIFY `id_producto` int(11) NOT NULL AUTO_INCREMENT, AUTO_INCREMENT=436;

--
-- AUTO_INCREMENT de la tabla `tb_caja`
--
ALTER TABLE `tb_caja`
  MODIFY `id_caja` int(11) NOT NULL AUTO_INCREMENT, AUTO_INCREMENT=47;

--
-- AUTO_INCREMENT de la tabla `tb_carrito`
--
ALTER TABLE `tb_carrito`
  MODIFY `id_carrito` int(11) NOT NULL AUTO_INCREMENT, AUTO_INCREMENT=250;

--
-- AUTO_INCREMENT de la tabla `tb_categorias`
--
ALTER TABLE `tb_categorias`
  MODIFY `id_categoria` int(11) NOT NULL AUTO_INCREMENT, AUTO_INCREMENT=36;

--
-- AUTO_INCREMENT de la tabla `tb_clientes`
--
ALTER TABLE `tb_clientes`
  MODIFY `id_cliente` int(11) NOT NULL AUTO_INCREMENT, AUTO_INCREMENT=2;

--
-- AUTO_INCREMENT de la tabla `tb_compras`
--
ALTER TABLE `tb_compras`
  MODIFY `id_compra` int(11) NOT NULL AUTO_INCREMENT, AUTO_INCREMENT=28;

--
-- AUTO_INCREMENT de la tabla `tb_corte_parcial`
--
ALTER TABLE `tb_corte_parcial`
  MODIFY `id_corte` int(11) NOT NULL AUTO_INCREMENT, AUTO_INCREMENT=27;

--
-- AUTO_INCREMENT de la tabla `tb_proveedores`
--
ALTER TABLE `tb_proveedores`
  MODIFY `id_proveedor` int(11) NOT NULL AUTO_INCREMENT, AUTO_INCREMENT=8;

--
-- AUTO_INCREMENT de la tabla `tb_roles`
--
ALTER TABLE `tb_roles`
  MODIFY `id_rol` int(11) NOT NULL AUTO_INCREMENT, AUTO_INCREMENT=10;

--
-- AUTO_INCREMENT de la tabla `tb_tiendas`
--
ALTER TABLE `tb_tiendas`
  MODIFY `id` int(11) NOT NULL AUTO_INCREMENT, AUTO_INCREMENT=8;

--
-- AUTO_INCREMENT de la tabla `tb_usuarios`
--
ALTER TABLE `tb_usuarios`
  MODIFY `id_usuario` int(11) NOT NULL AUTO_INCREMENT, AUTO_INCREMENT=37;

--
-- AUTO_INCREMENT de la tabla `tb_ventas`
--
ALTER TABLE `tb_ventas`
  MODIFY `id_venta` int(11) NOT NULL AUTO_INCREMENT, AUTO_INCREMENT=84;

--
-- Restricciones para tablas volcadas
--

--
-- Filtros para la tabla `tb_almacen`
--
ALTER TABLE `tb_almacen`
  ADD CONSTRAINT `fk_almacen_tienda` FOREIGN KEY (`id_tienda`) REFERENCES `tb_tiendas` (`id`),
  ADD CONSTRAINT `tb_almacen_ibfk_1` FOREIGN KEY (`id_categoria`) REFERENCES `tb_categorias` (`id_categoria`) ON UPDATE CASCADE,
  ADD CONSTRAINT `tb_almacen_ibfk_2` FOREIGN KEY (`id_usuario`) REFERENCES `tb_usuarios` (`id_usuario`) ON DELETE NO ACTION ON UPDATE CASCADE;

--
-- Filtros para la tabla `tb_caja`
--
ALTER TABLE `tb_caja`
  ADD CONSTRAINT `fk_caja_tienda` FOREIGN KEY (`id_tienda`) REFERENCES `tb_tiendas` (`id`),
  ADD CONSTRAINT `tb_caja_ibfk_1` FOREIGN KEY (`id_usuario`) REFERENCES `tb_usuarios` (`id_usuario`) ON DELETE CASCADE;

--
-- Filtros para la tabla `tb_carrito`
--
ALTER TABLE `tb_carrito`
  ADD CONSTRAINT `fk_carrito_tienda` FOREIGN KEY (`id_tienda`) REFERENCES `tb_tiendas` (`id`),
  ADD CONSTRAINT `tb_carrito_ibfk_1` FOREIGN KEY (`id_producto`) REFERENCES `tb_almacen` (`id_producto`) ON DELETE NO ACTION ON UPDATE NO ACTION;

--
-- Filtros para la tabla `tb_categorias`
--
ALTER TABLE `tb_categorias`
  ADD CONSTRAINT `fk_categorias_tienda` FOREIGN KEY (`id_tienda`) REFERENCES `tb_tiendas` (`id`);

--
-- Filtros para la tabla `tb_clientes`
--
ALTER TABLE `tb_clientes`
  ADD CONSTRAINT `fk_clientes_tienda` FOREIGN KEY (`id_tienda`) REFERENCES `tb_tiendas` (`id`);

--
-- Filtros para la tabla `tb_compras`
--
ALTER TABLE `tb_compras`
  ADD CONSTRAINT `fk_compras_tienda` FOREIGN KEY (`id_tienda`) REFERENCES `tb_tiendas` (`id`);

--
-- Filtros para la tabla `tb_corte_parcial`
--
ALTER TABLE `tb_corte_parcial`
  ADD CONSTRAINT `fk_corte_parcial_tienda` FOREIGN KEY (`id_tienda`) REFERENCES `tb_tiendas` (`id`),
  ADD CONSTRAINT `tb_corte_parcial_ibfk_1` FOREIGN KEY (`id_caja`) REFERENCES `tb_caja` (`id_caja`) ON DELETE CASCADE;

--
-- Filtros para la tabla `tb_proveedores`
--
ALTER TABLE `tb_proveedores`
  ADD CONSTRAINT `fk_proveedores_tienda` FOREIGN KEY (`id_tienda`) REFERENCES `tb_tiendas` (`id`);

--
-- Filtros para la tabla `tb_usuarios`
--
ALTER TABLE `tb_usuarios`
  ADD CONSTRAINT `fk_usuarios_tienda` FOREIGN KEY (`id_tienda`) REFERENCES `tb_tiendas` (`id`),
  ADD CONSTRAINT `tb_usuarios_ibfk_1` FOREIGN KEY (`id_rol`) REFERENCES `tb_roles` (`id_rol`) ON UPDATE CASCADE;

--
-- Filtros para la tabla `tb_ventas`
--
ALTER TABLE `tb_ventas`
  ADD CONSTRAINT `fk_ventas_tienda` FOREIGN KEY (`id_tienda`) REFERENCES `tb_tiendas` (`id`),
  ADD CONSTRAINT `fk_ventas_usuarios` FOREIGN KEY (`id_usuario`) REFERENCES `tb_usuarios` (`id_usuario`) ON DELETE CASCADE,
  ADD CONSTRAINT `tb_ventas_ibfk_1` FOREIGN KEY (`id_cliente`) REFERENCES `tb_clientes` (`id_cliente`) ON DELETE NO ACTION ON UPDATE NO ACTION,
  ADD CONSTRAINT `tb_ventas_ibfk_2` FOREIGN KEY (`nro_venta`) REFERENCES `tb_carrito` (`nro_venta`) ON DELETE NO ACTION ON UPDATE NO ACTION;
COMMIT;

/*!40101 SET CHARACTER_SET_CLIENT=@OLD_CHARACTER_SET_CLIENT */;
/*!40101 SET CHARACTER_SET_RESULTS=@OLD_CHARACTER_SET_RESULTS */;
/*!40101 SET COLLATION_CONNECTION=@OLD_COLLATION_CONNECTION */;
